"replica","y"
1,4.3346639206
1,3.6524692497
1,2.2422694636
1,2.1088043251
1,4.5343679857
1,2.0556514315
1,4.3560610189
1,4.2430521511
1,2.2915234913
1,4.741390549
1,2.0975389295
1,4.2189073088
1,2.0744832079
1,4.3610266517
1,2.0243397354
1,3.7129486915
1,4.2363878982
1,2.1365070983
1,2.1545398816
1,2.2878506972
1,1.8519177091
1,1.8728616988
1,2.0166488172
1,2.0984646942
1,5.1975623348
1,1.8147313994
1,4.687347581
1,2.2010540563
1,1.9239137285
1,3.5132255983
1,3.5293359476
1,1.8738022909
1,4.5784869729
1,1.9580665412
1,4.0398048315
1,3.7130344497
1,2.2249748836
1,3.7797078508
1,5.3309329333
1,4.3075550266
1,4.4115538199
1,3.5830458157
1,4.5001379453
1,4.769581585
1,1.8359431689
1,2.3275452378
1,4.9575451499
1,2.2575323161
1,4.5505838125
1,2.1631393133
1,4.4227703111
1,5.6471933326
1,4.4262940357
1,4.7424587876
1,4.6738846389
1,4.587004805
1,4.7346570258
1,2.0993925515
1,3.4271723738
1,2.4052716868
1,1.9102205993
1,5.1128885631
1,4.2254681251
1,3.1750820891
1,3.9413399381
1,2.1266618858
1,3.5398440914
1,4.6885965137
1,4.3279560364
1,4.9020115355
1,3.6940812656
1,3.8345606233
1,4.5540291177
1,4.778829271
1,1.8132977077
1,3.8517658299
1,5.0835706417
1,5.0095173273
1,1.9349111927
1,4.6293582872
1,2.1620237728
1,3.386605001
1,5.2017033549
1,4.4041210493
1,2.0352089047
1,4.9395787319
1,4.004628091
1,4.0723989885
1,1.9488742802
1,2.2898963573
1,4.0537288759
1,3.809794795
1,4.7867209168
1,2.1837217503
1,1.9613222088
1,2.1157973724
1,4.2534684057
1,4.1794649302
1,4.33226151
1,3.9914387955
1,1.4841489814
1,4.6803299212
1,4.3623572143
1,2.5020045974
1,2.0806340756
1,2.0446254602
1,4.8574557268
1,3.746042444
1,2.0175447701
1,4.5549976749
1,4.0946425453
1,3.8453553063
1,2.3098509684
1,1.8914168071
1,1.9488098385
1,2.180767163
1,3.929978419
1,1.9942245376
1,2.3789993574
1,4.4699939236
1,4.0338151422
1,2.37229593
1,4.449076952
1,3.4583941077
1,4.8742748743
1,2.1630726636
1,4.3729037434
1,4.8802738599
1,1.9894760168
1,5.3928227866
1,4.0433019882
1,4.4273677081
1,2.2273237338
1,1.8466203822
1,4.6366613514
1,1.9603312774
1,1.9800620242
1,4.0926744925
1,4.3043918175
1,2.2370859545
1,4.4141403743
1,1.8298479099
1,4.6698105151
1,4.364051139
1,4.5127851473
1,2.3389741011
1,1.6366496567
1,4.9113931385
1,3.896373023
1,1.9669826341
1,1.8239986768
1,1.7797867121
1,4.2275635891
1,4.7591279711
1,3.8242513961
1,4.0879746427
1,4.2037850827
1,4.5610056402
1,4.1407102555
1,2.2928592134
1,1.9319871933
1,4.3521269251
1,5.2004436912
1,1.9949343138
1,1.9835962928
1,4.7529496867
1,1.8164095012
1,4.415004267
1,4.382952286
1,1.8396002353
1,4.5859437915
1,4.5401886626
1,4.150171652
1,4.6605805514
1,1.5544831443
1,4.5793393198
1,5.5036380457
1,4.3944440502
1,4.0488060664
1,4.4578776692
1,1.6961688949
1,1.6950769081
1,4.1087888732
1,4.3215178068
1,2.4372326415
1,2.0645506745
1,3.9131302735
1,2.3985895636
1,2.2013818446
1,4.1849572363
1,3.7001275918
1,1.9681539497
1,2.1042872218
1,4.1954872813
1,1.5586090381
1,2.0222623588
1,1.8133857475
1,4.1811650107
1,4.0231007993
1,2.1037687802
1,3.8145774712
1,4.6179176764
1,2.1568450895
1,3.929912984
1,5.0520168841
1,4.1641088672
1,2.3055206116
1,3.6180406302
1,4.2882933234
1,3.8751582691
1,4.4269211142
1,2.2798869165
1,2.0159239499
1,2.1611674735
1,3.546688525
1,4.4438180596
1,2.4338846311
1,1.8465990466
1,1.6335646928
1,1.9893921877
1,2.0667075285
1,4.0651781039
1,1.7791307345
1,3.9721970738
1,4.3382068259
1,4.332534665
1,3.6735433958
1,1.7143965393
1,2.2711923738
1,2.2294587218
1,4.3072956215
1,2.0295165205
1,4.5407139512
1,3.8935203609
1,4.7830280972
1,3.9369221014
1,3.483463533
1,1.6792577963
1,2.5168793423
1,4.1961783097
1,3.9239939322
1,4.1016665884
1,4.3929785702
1,4.3861677717
1,4.3216004698
1,3.873360235
1,4.3664101871
1,2.1345723887
1,1.8981805881
1,1.6273402923
1,4.6516953857
1,3.7209359523
1,1.8456880314
1,4.1407515559
1,4.2723803123
1,2.5084396733
1,3.9894083416
1,4.4378151271
1,4.3948453981
1,3.9434827462
1,4.0665755356
1,3.8738893853
1,3.1355370871
1,1.7586736753
1,3.994068869
1,2.1488384324
1,3.8448942988
1,4.4814883911
1,3.6560392602
1,4.9861947824
1,3.7803423776
1,4.4649742357
2,4.4211429704
2,4.1469602737
2,1.6598459551
2,4.3790283122
2,3.762090953
2,1.9733245291
2,1.8854665431
2,2.2668568383
2,4.7443129219
2,4.3487493056
2,4.012047299
2,4.4849244546
2,1.9299572728
2,4.6558383839
2,1.9808328006
2,2.5311114428
2,1.9707406508
2,4.4479386596
2,3.66618786
2,1.3386010964
2,3.6201800284
2,1.9959413414
2,1.8444204242
2,4.3121034348
2,2.0974992139
2,1.9002431308
2,2.2623157389
2,4.1245689513
2,4.6064601369
2,4.8858277984
2,2.0284212546
2,4.389597322
2,3.5587765931
2,1.9293774208
2,4.4794985506
2,4.9380692432
2,4.0653307986
2,4.3999050902
2,1.7787306346
2,4.5182674463
2,4.6616078815
2,4.8313671267
2,2.0911209055
2,4.3316957898
2,4.3093614785
2,4.0821288883
2,3.3796518198
2,1.9852102872
2,4.9305297841
2,2.1508994721
2,3.8356780271
2,3.9951244975
2,3.3637264749
2,4.3917658297
2,4.0494026073
2,3.7394200223
2,1.7729484829
2,3.8479091653
2,4.6907848368
2,1.8604904595
2,4.3197682417
2,2.0766374072
2,4.495915683
2,1.6402776483
2,4.3965342669
2,2.2549417546
2,4.4153584857
2,4.0103359313
2,4.3302479614
2,4.2041142481
2,3.7628739104
2,5.1330772254
2,3.5892765423
2,3.9780288518
2,4.7918072003
2,3.5604538546
2,2.1363209768
2,1.9911830003
2,4.1189108484
2,3.4308267101
2,3.964393077
2,4.4540822899
2,2.0156722134
2,1.9394091439
2,4.3023024741
2,4.2683310289
2,4.2354748379
2,4.4544403987
2,4.8360578617
2,2.1840140364
2,2.012315557
2,2.2159020614
2,1.6510698534
2,4.2508779917
2,5.0881354709
2,1.9133130003
2,4.5918118692
2,4.4074122894
2,5.1644482502
2,4.9719195821
2,4.3779495599
2,1.974712252
2,2.9673970851
2,2.2438994397
2,4.5732721249
2,1.9479193998
2,4.3298876752
2,2.0992759357
2,4.3100238899
2,3.7257884621
2,2.0854954976
2,4.54837411
2,2.035582864
2,4.5949057726
2,4.2714676467
2,4.0783562001
2,2.3081780985
2,1.7254716888
2,4.6030695563
2,1.7890915136
2,3.1325978051
2,4.0531960711
2,4.838309975
2,3.366868275
2,1.9970901309
2,4.9022772453
2,4.7910318252
2,4.2429454781
2,4.0288071925
2,2.165496143
2,1.8569652229
2,4.1750272297
2,5.1083405072
2,1.748095043
2,2.00272888
2,4.7107346447
2,2.0218380209
2,4.0589360663
2,4.4794441393
2,4.0014462289
2,3.9754471952
2,3.8842366548
2,4.0988361645
2,2.3665704696
2,4.6392692016
2,1.8216225288
2,4.2220673405
2,2.0347175516
2,4.49371215
2,4.5774275997
2,2.6014661148
2,4.8938977075
2,4.3262854734
2,1.8439080928
2,4.6613228882
2,1.7282468347
2,3.8036532719
2,4.8533729137
2,4.7095621726
2,4.7299012436
2,4.569280587
2,1.6890645905
2,1.882729488
2,4.0396332176
2,4.1663780369
2,4.6934108806
2,1.9602731888
2,4.57007745
2,4.5366201835
2,4.1214231494
2,3.6927166521
2,4.1998245088
2,4.1155764676
2,3.5752746518
2,4.1178973798
2,2.0327719728
2,3.9595857573
2,1.9802146197
2,5.0365260491
2,4.311149638
2,3.5554550579
2,2.1243776005
2,2.1845753634
2,4.774591077
2,2.435791423
2,3.4171461973
2,3.4468391415
2,1.9363058149
2,3.6540620088
2,4.1311256645
2,4.7950843491
2,4.0680021972
2,1.8987687298
2,3.750331516
2,3.7346832681
2,4.0884864933
2,1.7574020409
2,5.027589322
2,1.968319848
2,1.7312011693
2,3.9866411148
2,4.3056071703
2,3.8369054111
2,3.920900058
2,1.9118063116
2,1.9170329431
2,1.627245776
2,2.1592000503
2,4.6121244818
2,3.9246470904
2,2.1594476349
2,2.2921243448
2,3.6021963392
2,3.6984541253
2,4.9510910027
2,2.0397128518
2,2.1473406467
2,4.3824548924
2,2.2834508698
2,4.1582274306
2,1.9694466576
2,4.0434092737
2,3.9804112609
2,3.932208615
2,1.5153390714
2,4.4834300975
2,3.6179677811
2,1.6624210519
2,3.3914886051
2,1.8046997926
2,1.8037828011
2,4.1515446384
2,2.0398817607
2,2.074592097
2,4.0317712009
2,3.248624037
2,4.705487494
2,2.0716265585
2,3.0995807626
2,4.722312114
2,2.0294781744
2,3.068576584
2,1.713198133
2,1.7045266076
2,2.3150545094
2,5.1030223148
2,1.8714803456
2,2.0778310565
2,4.9147511741
2,1.8367520437
2,2.214443551
2,4.1642509775
2,4.0096874412
2,4.4346192726
2,4.1556245004
2,4.6599054274
2,4.1065305749
2,3.8290166642
2,4.4929971776
2,4.6553347615
2,1.8360094118
2,1.8883566764
2,4.317196068
2,4.3294416196
2,4.0173388436
2,4.922500958
2,3.553277022
2,2.2895822447
2,4.1052672879
2,4.3468495277
2,1.8760520985
2,4.7221414631
3,4.1331075015
3,1.7110235366
3,2.0806006142
3,1.8302108671
3,1.6058534667
3,3.938281435
3,1.781106596
3,2.0308694867
3,4.2567458824
3,2.0421766117
3,2.0172251969
3,3.4770511121
3,5.2222980299
3,1.3833182598
3,2.2840038196
3,1.9915220867
3,4.9537447553
3,2.1459002288
3,4.0534552624
3,2.1750807827
3,4.2308081339
3,3.915278077
3,3.9866558207
3,3.4824351001
3,4.1634330626
3,1.9494271909
3,2.2702464861
3,3.9545641832
3,4.6203280848
3,3.9867684285
3,4.9842471194
3,2.032311198
3,3.5897309427
3,4.0224732372
3,1.8804093273
3,3.9522130858
3,4.8661056602
3,4.3408088922
3,1.7393442106
3,4.0495384541
3,3.7985517914
3,4.0625776014
3,4.7497929699
3,2.071983176
3,4.5427424448
3,4.1623891007
3,1.9921703305
3,3.9301101762
3,3.5475819198
3,5.0990211254
3,4.3826183124
3,4.3358943971
3,4.2796580239
3,1.783096105
3,2.2165992421
3,4.1011721978
3,3.886204931
3,2.1333762413
3,2.3340090887
3,1.8379079317
3,4.3366783527
3,2.300123437
3,4.379728588
3,4.2446140529
3,4.6701819299
3,2.1647539435
3,4.5057124762
3,4.902871139
3,4.4158505426
3,4.6510074646
3,4.1242753602
3,4.0362665103
3,4.1479622509
3,3.8659524964
3,1.4485320775
3,1.9115859966
3,3.836083571
3,1.8708890083
3,4.4474879842
3,1.8353586429
3,3.8149187905
3,1.8940849647
3,2.0163191953
3,1.9871272649
3,1.9829169642
3,1.8942706221
3,4.0754059476
3,4.5969898869
3,4.1454998933
3,2.0504095721
3,2.0513568032
3,4.6807986265
3,2.4538111802
3,4.4993944749
3,1.7469186967
3,2.0362460227
3,4.4087021939
3,2.0496369617
3,1.9209422167
3,4.1061666263
3,4.4203486474
3,4.355978173
3,4.4504691257
3,1.6869342093
3,4.4022993494
3,2.2845477655
3,4.3682032864
3,3.8995806376
3,5.1016340694
3,4.3395723402
3,4.2271161972
3,3.7272779599
3,4.2360641302
3,4.3674680653
3,2.0086856605
3,2.0237303081
3,4.2176685505
3,4.4533267073
3,2.3204077545
3,3.9929765429
3,4.1835143261
3,3.8392415133
3,4.064267712
3,2.226742237
3,3.983602415
3,4.7357341613
3,4.6622255111
3,1.8982614667
3,1.9677124499
3,2.0380133728
3,1.6528021438
3,3.7258587566
3,1.9082151082
3,4.3802733642
3,1.8691131571
3,4.2582076955
3,2.4348699534
3,4.1935555616
3,4.7040302129
3,4.2711236258
3,2.0245405162
3,2.4581803296
3,3.8570959913
3,3.2666159629
3,4.4213710381
3,3.8563453287
3,3.1122663895
3,4.1903113748
3,2.5936261833
3,4.2800386863
3,1.6898632687
3,4.3182770235
3,2.1621562548
3,3.8342983789
3,2.1220668009
3,2.3757683225
3,3.9975043398
3,3.9852233901
3,4.044949032
3,3.9993524791
3,2.2726365286
3,2.5167604811
3,4.479189248
3,4.123891947
3,3.9401624433
3,2.0782083151
3,1.6929960877
3,2.062938867
3,4.3813517807
3,4.0466279111
3,4.310443007
3,3.7766683609
3,3.9953661455
3,4.7025888659
3,4.2134023097
3,4.6339616901
3,3.819608248
3,3.8509175069
3,4.2404940822
3,2.3227055428
3,3.8937084555
3,1.9388730431
3,4.6313228172
3,4.4895191132
3,1.8064748358
3,1.726887007
3,2.0275643587
3,2.1617505083
3,4.3135893061
3,4.4998267523
3,4.3355214488
3,4.4906778298
3,2.0227375619
3,2.148993925
3,2.2814995968
3,4.5012993459
3,4.8634497543
3,1.5585864253
3,3.5435671735
3,1.8486985997
3,5.3795889266
3,2.0771868614
3,3.4635286145
3,4.410322434
3,1.7757559585
3,4.8908529378
3,4.0169610924
3,4.0961460797
3,4.9566905765
3,3.9857098031
3,4.0375131937
3,3.7920137286
3,3.869664403
3,3.6978014521
3,2.0903878831
3,4.063800876
3,4.7252820845
3,1.9517279828
3,4.2915593112
3,2.0427278713
3,2.1092042782
3,4.9645074501
3,4.3935245669
3,4.6211325906
3,4.2540740755
3,4.2739752355
3,2.0970635325
3,3.8554562002
3,3.5778077583
3,3.870610902
3,4.5441830222
3,4.5014635736
3,2.1409778435
3,4.3451736987
3,2.5976659843
3,3.9126388787
3,4.0026085074
3,4.5372908682
3,4.1357179153
3,4.3712839091
3,4.0515368387
3,3.6327535998
3,1.9785125146
3,4.2301913693
3,2.2914301589
3,4.4573276568
3,5.1956260263
3,4.2881605762
3,4.8938465399
3,2.1070544693
3,4.0514042018
3,4.5525252379
3,1.3653285581
3,4.6406710451
3,4.5637770255
3,2.1417068424
3,3.6203650012
3,1.9356620515
3,4.3826984521
3,4.028336198
3,4.5302392901
3,4.1713613814
3,4.9629366496
3,4.3389867674
3,4.0991431872
3,1.9563853341
3,2.058991316
3,4.1988998588
3,4.6438310502
3,4.2898486203
3,4.27989989
3,4.5509687522
4,1.9002026035
4,3.5124772468
4,2.0741463676
4,4.4544096518
4,2.4170235974
4,2.1670429377
4,4.2843814047
4,5.3160269913
4,4.0196148839
4,4.3208008042
4,1.6704112289
4,3.646004277
4,4.5991980913
4,4.8428382644
4,1.7703391477
4,3.6568494993
4,1.8137987314
4,3.8408851482
4,4.4486014645
4,3.3277665431
4,4.8046390694
4,2.1336586865
4,4.34173986
4,4.8535782303
4,3.9450824378
4,2.2785449643
4,4.6220207893
4,1.8380162965
4,1.978687236
4,2.2460420513
4,1.9579124573
4,2.2675559066
4,2.2003301516
4,2.1723886642
4,1.4520828312
4,1.9665894018
4,2.0358046293
4,2.2937093901
4,2.0605355068
4,2.1080508548
4,2.2066432259
4,2.1193483581
4,3.2872176566
4,1.631762623
4,1.839140619
4,1.6052784305
4,4.2066231592
4,5.3673438704
4,2.0372102173
4,1.7783849016
4,2.093792844
4,1.8530347035
4,3.8525466726
4,1.775433295
4,4.6163982567
4,1.8031260099
4,1.9635361478
4,1.6570280162
4,3.7890831696
4,4.4121319489
4,4.3974835058
4,4.1916574877
4,3.7151238395
4,2.3091342704
4,4.7777945154
4,4.2570254483
4,4.3235920663
4,4.6604887614
4,2.1905598779
4,3.8631395066
4,2.2443644806
4,3.5730872951
4,3.8132139217
4,2.3703833795
4,2.1126918378
4,3.8319453536
4,4.9263758544
4,4.4409955891
4,5.294064247
4,4.6154998451
4,4.2265741529
4,4.6979405785
4,2.0923875688
4,4.489751594
4,1.9349862061
4,4.9509451046
4,4.3032469776
4,4.3060441491
4,1.9641365836
4,4.0121392987
4,4.9366588279
4,4.6609869336
4,3.8225975676
4,4.1585114417
4,4.3249074814
4,4.7693568353
4,4.7037845818
4,4.8584268309
4,4.9489488504
4,2.063756042
4,4.2851646536
4,2.3705681424
4,1.8659978574
4,1.555930111
4,1.8845294836
4,4.8318012805
4,4.6029100164
4,2.049870407
4,2.3053680546
4,3.6369172242
4,2.1094902816
4,2.28336499
4,4.0757750092
4,2.2739517758
4,4.1187489362
4,4.1192535974
4,3.7528778008
4,4.7870397118
4,4.0236784325
4,1.9348519402
4,2.1047863312
4,3.2961695904
4,4.3775609618
4,4.587749405
4,3.9835132797
4,2.0639461812
4,4.502098299
4,1.818339789
4,1.651512407
4,5.1903751759
4,3.9099200107
4,3.8411828986
4,2.0486880416
4,4.3805146077
4,4.1482589604
4,4.1913467995
4,4.163094501
4,4.5243206816
4,1.9974403504
4,4.4087547501
4,4.3891603191
4,4.2412710296
4,4.3691271913
4,4.8742592282
4,1.1527755962
4,1.8481811608
4,4.6260879992
4,1.7310447075
4,4.0779323714
4,4.7278133149
4,4.3662526247
4,4.7251833512
4,2.0661478516
4,1.8943809951
4,3.109682069
4,4.3300318255
4,4.4321379717
4,1.7716920268
4,5.3658527637
4,4.3052943662
4,3.9442937228
4,4.3430702453
4,1.9187875169
4,1.9896218996
4,4.2289362777
4,4.5694377896
4,2.0218899843
4,2.2408154625
4,4.9354077645
4,4.1866692012
4,4.098591502
4,4.6203780029
4,3.5171746384
4,2.33535992
4,3.4617705144
4,2.2731526441
4,2.4499944081
4,4.9291533904
4,4.8904566535
4,4.8286007498
4,4.6457407594
4,3.6384627007
4,4.7761988036
4,4.3597176558
4,3.8039271531
4,4.7783603567
4,4.3938322026
4,2.0181295229
4,4.7417680799
4,2.1649988074
4,3.5465327101
4,4.2393979054
4,3.8135937059
4,4.9023161696
4,5.0583246097
4,3.7480841438
4,2.201399764
4,4.1704955297
4,2.4581856392
4,4.1895377885
4,2.2917326028
4,2.3590410688
4,2.0100768837
4,3.9824986163
4,3.912499344
4,3.6870883777
4,4.1212635829
4,3.7321710771
4,4.7583979186
4,2.1388926122
4,4.260198576
4,4.4781622117
4,1.7583817166
4,1.9946001868
4,4.8353654327
4,4.047189815
4,1.7819358827
4,1.9234784867
4,4.211951902
4,4.4634061357
4,1.6114723763
4,4.3716753183
4,2.2493896448
4,3.877520587
4,2.1338048838
4,1.9337450142
4,2.0357226611
4,2.377075842
4,4.1259336875
4,1.9495121183
4,3.7321237887
4,3.9892669686
4,4.2394309657
4,2.2328549742
4,1.9754951671
4,3.3557114685
4,3.5214416249
4,4.5503469291
4,4.1183164837
4,4.433744294
4,1.5552866931
4,4.0282467869
4,4.7037903068
4,3.8959049948
4,1.9110673927
4,2.0711754507
4,4.3203565329
4,4.2542194028
4,4.3630256934
4,4.4235739715
4,3.9068709859
4,4.4355260067
4,3.7408836798
4,4.711934525
4,4.8583604904
4,4.4933143829
4,3.7786359478
4,4.0012110636
4,3.4833830557
4,1.3750513417
4,1.9790533164
4,4.4527542208
4,4.1336455364
4,3.8950964735
4,3.9664326642
4,2.1881346126
4,4.0778209861
4,1.6484673246
4,1.9842987506
4,4.154757368
4,5.0068597745
4,4.3138788244
5,3.7537564408
5,3.4282461042
5,3.7809951886
5,4.5677920252
5,3.6364441431
5,4.4029957629
5,4.0235268168
5,4.0789798298
5,4.5350887246
5,4.0593938872
5,1.9871024719
5,4.8675386091
5,4.7858560216
5,1.9793433105
5,2.4299124393
5,4.3754840816
5,3.7362836139
5,4.1026478822
5,4.6952421101
5,1.9522681582
5,2.0006568836
5,4.4033924759
5,2.0609013262
5,2.1177173204
5,1.6338814069
5,1.9375152034
5,4.81133229
5,4.0443525914
5,3.8833886521
5,4.3041466494
5,2.1071596756
5,3.7610470608
5,3.5394113324
5,4.2024418707
5,4.843166634
5,4.5168081367
5,4.5617884444
5,4.5254192846
5,1.590150334
5,2.0703270167
5,1.6575915087
5,4.1206111172
5,3.7660840618
5,3.864713575
5,4.0203711799
5,1.9656401844
5,3.7276919792
5,4.4221260256
5,2.0124015965
5,5.0648163807
5,3.6959556208
5,1.9850159786
5,1.8194744684
5,3.4601167845
5,4.0860195072
5,3.7388308225
5,3.937572214
5,4.8670699711
5,4.2997359023
5,4.7497078463
5,1.898645763
5,3.914506711
5,4.337008578
5,2.3390114455
5,1.9103981514
5,3.910776072
5,4.4106050975
5,2.1145821227
5,4.5046225581
5,4.1262597932
5,2.3430887895
5,2.1098296517
5,2.0942246891
5,1.7723435315
5,4.5668860136
5,1.853594004
5,3.7521923143
5,2.2136303481
5,3.6633042475
5,2.1938964117
5,4.001837645
5,4.3885236246
5,1.6403070222
5,4.3315457955
5,4.2945437571
5,4.2279531049
5,4.0718682631
5,1.875447197
5,1.7840371588
5,1.8180595982
5,4.5496560621
5,1.8396541728
5,3.7103711578
5,4.9153992026
5,4.0602923923
5,1.917006764
5,2.0732020604
5,4.5936740757
5,4.4159406668
5,1.4929514741
5,4.1619925972
5,4.1626249812
5,4.1010024986
5,4.9033181924
5,4.2679645016
5,3.9374182198
5,4.6787434258
5,4.3278748466
5,3.4658603088
5,3.8709770688
5,1.9205665556
5,4.4570397672
5,2.1531254421
5,2.1151971732
5,3.8181587158
5,4.7758008629
5,4.2250716183
5,1.8762897946
5,3.8167516771
5,4.1279473876
5,4.6363542229
5,3.9168334338
5,4.0615539332
5,1.8637157443
5,2.191252378
5,4.2862231669
5,1.8145023701
5,2.1477606953
5,4.2393124903
5,4.0612036042
5,4.1712787702
5,4.5603779135
5,2.2254930754
5,4.3613851209
5,2.0702200325
5,4.0048259812
5,4.0085832671
5,4.5004087481
5,1.9451831871
5,4.4016473201
5,1.9054465516
5,4.4523078581
5,1.6774391026
5,4.8953855162
5,1.7999181195
5,2.0748374691
5,2.4349219893
5,4.1632657217
5,3.8151893829
5,4.2252133757
5,2.4513471182
5,1.4348688822
5,2.2144503315
5,4.2156374853
5,3.5905243128
5,4.8767143113
5,1.857174187
5,4.0601317004
5,2.1898325165
5,4.2442165682
5,4.3500458546
5,4.3200739996
5,3.7966877213
5,4.6107033699
5,2.3380516167
5,4.2300430784
5,4.2990504669
5,4.2486602067
5,2.0036248253
5,4.2073074188
5,4.8349835803
5,1.3397965502
5,4.5829039925
5,4.5118571639
5,2.1932507196
5,3.8788428816
5,2.164517409
5,2.0097566374
5,4.7154879523
5,4.186009132
5,1.9892309188
5,3.6737124086
5,3.837816841
5,4.0146412244
5,4.1624570779
5,1.8862954349
5,2.066131738
5,4.4355456776
5,2.0483497861
5,3.9633346421
5,2.0595805941
5,3.4381878558
5,4.1036061137
5,4.5354028706
5,3.9900532308
5,3.6493055428
5,3.6992833719
5,4.5475787158
5,4.765962032
5,3.9232668437
5,1.8322814501
5,3.9738795104
5,3.8699708057
5,4.7515153765
5,4.8469707856
5,4.1943464925
5,3.6855166275
5,1.9295376448
5,3.6994486249
5,4.3674087972
5,1.8321848669
5,2.2439215837
5,4.212908765
5,3.4371487448
5,4.0170132602
5,2.0707568506
5,3.6505965491
5,4.4193088036
5,3.8997357884
5,1.8684440772
5,4.9108735985
5,3.3386019536
5,1.966540728
5,1.7212327725
5,3.6316394383
5,2.1787541772
5,2.2341703762
5,3.879089718
5,1.8020463853
5,3.8331875474
5,4.7628514897
5,4.2056348876
5,2.0274436027
5,4.5771104552
5,1.5065740564
5,4.7530340567
5,3.9919354648
5,4.5808297409
5,4.625755094
5,1.8936694868
5,2.3417653846
5,1.8997598354
5,2.4168755179
5,4.4440329169
5,2.0482125651
5,4.9036503415
5,4.0887077166
5,2.055546151
5,1.9907760441
5,1.8493941443
5,3.7268668653
5,4.8563028335
5,4.7435578972
5,2.4859129708
5,4.3972680522
5,1.7688718759
5,4.2617499359
5,2.0222824526
5,1.8937535444
5,2.2218669451
5,4.0536195786
5,4.2069531733
5,3.9582525293
5,4.3263280337
5,2.013052287
5,1.7456769089
5,1.7006186729
5,1.7303409426
5,4.0621770818
5,3.5126904676
5,3.463025925
5,1.957515305
6,4.9748099604
6,2.4569720849
6,4.4057438245
6,2.3341959566
6,3.8804292906
6,1.8342940432
6,2.0536740775
6,4.5358431546
6,4.0458156253
6,4.0878722177
6,3.956672068
6,4.534802232
6,4.18833251
6,3.959204904
6,4.8411495676
6,4.3449122551
6,4.228692294
6,1.6403019739
6,5.4443033747
6,2.2687665436
6,4.586405706
6,4.253870966
6,1.7610515602
6,3.8980184132
6,4.8359145924
6,4.0962258179
6,3.6572479544
6,2.2406076218
6,4.3584712689
6,3.8627934351
6,4.865307034
6,4.9899682502
6,4.6314102866
6,4.7386941922
6,3.7277178942
6,4.2646432197
6,5.1951982511
6,1.9372192303
6,4.3659215198
6,1.7870439561
6,2.0653713609
6,4.9200876107
6,4.0379632124
6,1.7148016096
6,1.9385232322
6,4.0168603782
6,2.1064863873
6,2.0384554836
6,3.4017646029
6,1.7952633711
6,1.6599393521
6,4.4142658869
6,3.6264407398
6,3.9022827792
6,2.3013030637
6,4.0110868665
6,1.8130346922
6,4.1535954288
6,1.8935382197
6,1.921603376
6,4.5743600742
6,1.5583766717
6,1.956538975
6,4.8319058688
6,2.3905534641
6,4.1934524321
6,3.8515169321
6,4.5332718376
6,2.3107106782
6,4.4642338046
6,3.9509770618
6,4.4987127192
6,4.6822806479
6,3.9833447481
6,4.8717963376
6,4.4719078625
6,4.0501980439
6,2.214184589
6,1.9656542323
6,2.0488024823
6,1.8473358671
6,2.4023767202
6,1.9575567984
6,1.8263323721
6,3.8575183944
6,4.9922495506
6,2.0106039834
6,4.8974251053
6,4.4427663129
6,4.0206314977
6,4.030430809
6,4.1889946295
6,3.7614505189
6,2.0754251516
6,3.8978892307
6,4.7754892352
6,4.9512210217
6,2.2885703064
6,2.1950314615
6,3.0733026616
6,2.300584375
6,1.5999743442
6,4.6922746474
6,4.8462638474
6,4.8652650838
6,4.8056658085
6,2.3123429832
6,2.0456747254
6,3.9090747179
6,4.3174349924
6,4.4627710046
6,4.5130767672
6,2.4421945316
6,4.670173557
6,4.3597422132
6,3.9966479044
6,5.0707332627
6,4.1025737661
6,4.1662934747
6,4.629713519
6,4.1925086332
6,3.985873941
6,2.0083090088
6,4.6089067146
6,3.9336476498
6,4.0583524354
6,4.405993005
6,4.4415645175
6,4.0023104764
6,4.404649454
6,1.7983340259
6,1.9867040233
6,3.8852753165
6,4.0722284251
6,1.6237365685
6,4.9606121555
6,4.4324080054
6,4.4726604703
6,3.9894534671
6,2.1288574812
6,4.5302747299
6,4.6268250538
6,3.6875206138
6,4.1583423074
6,2.0093627722
6,3.5019702684
6,2.1538166786
6,3.9309342294
6,3.8948761821
6,4.0978784867
6,1.9162345672
6,2.1166992003
6,4.5037598092
6,4.2263108124
6,4.9767535107
6,4.337925707
6,2.4450538652
6,4.3473931627
6,2.0424254785
6,3.4871093276
6,1.8496722427
6,4.0926421492
6,3.56826504
6,4.423206734
6,2.3069881169
6,4.0842872622
6,2.0240223501
6,4.106610625
6,4.0926656801
6,4.4786952713
6,1.9199957286
6,5.288153977
6,4.0071097056
6,4.3643246997
6,2.0866044269
6,3.7355517963
6,3.4357385655
6,4.0502756293
6,5.3116551279
6,4.0399242172
6,4.316116238
6,2.2146378669
6,2.131261121
6,1.7548799983
6,3.98754383
6,4.5105533042
6,2.037476474
6,4.6514790612
6,3.881270678
6,2.0995179477
6,1.7778904171
6,2.2375100408
6,1.9561782832
6,4.1309150611
6,1.7890442331
6,3.5705206723
6,3.9343167437
6,4.5007452276
6,2.2092209172
6,4.4205034229
6,4.543750114
6,2.3870148731
6,3.5436871533
6,5.0584029033
6,4.0410859432
6,4.5369021585
6,4.0733392859
6,1.8868790369
6,1.9093365483
6,2.3909976886
6,4.6112747105
6,5.2169963815
6,4.1109920139
6,4.6592971811
6,2.1313403392
6,4.6069479326
6,4.0328539103
6,4.6860556016
6,2.1178398877
6,4.7525486677
6,2.1340796757
6,4.1896072276
6,4.0510630557
6,2.599599435
6,3.8357288733
6,2.0121250981
6,4.7246475265
6,2.102536998
6,3.8567703624
6,2.488127516
6,1.6363882558
6,3.4769588739
6,1.7158391575
6,4.1897444595
6,4.3982370254
6,4.0124653476
6,4.1338952739
6,4.5326869856
6,2.3125795094
6,1.8026059024
6,3.6901074709
6,4.6812302747
6,4.3939284119
6,3.2881049028
6,3.502161201
6,3.9039665124
6,4.2616094417
6,1.7859779102
6,4.3495312876
6,4.3447123583
6,4.6525358735
6,4.5198029323
6,2.0061748932
6,4.4099567016
6,4.9393883888
6,1.9552835765
6,4.4633946505
6,3.4809322674
6,4.5611121217
6,4.108140148
6,4.0292180834
6,3.8742465344
6,4.4075973656
6,2.1911150433
6,4.6590542783
6,4.1988655493
6,2.0287170358
6,4.4054653976
6,1.7408309356
6,3.7117241428
6,2.0928244852
6,2.1586125218
7,3.4587570909
7,2.1601677665
7,1.7801346451
7,4.6307209129
7,4.1068404689
7,1.4327522235
7,4.4797900182
7,4.8234135425
7,4.7455036125
7,4.5434836942
7,3.2103199736
7,3.999537788
7,1.9869862314
7,3.7648420703
7,4.0723003515
7,4.2357535225
7,2.043597003
7,4.9244800171
7,4.3333238991
7,1.8854473741
7,4.4436537113
7,1.6569094772
7,2.0286121938
7,3.4269197477
7,4.8712294981
7,2.2495651018
7,4.7500741061
7,4.4979870169
7,2.0560490964
7,2.5397476174
7,2.331945197
7,4.2697809026
7,4.0988698016
7,4.7707258746
7,2.278995756
7,4.2651623403
7,4.5958919127
7,4.6250915647
7,2.0465912911
7,2.3120686601
7,1.8131869316
7,4.5491583478
7,3.6062387082
7,4.565424858
7,4.1840450845
7,2.1909229019
7,1.7487650067
7,2.0692557673
7,2.1916311647
7,1.7600363899
7,4.1848565376
7,4.6160916374
7,4.2487778483
7,3.2695698634
7,4.4366904386
7,4.3693301413
7,4.5411639496
7,3.9754105859
7,1.6921903358
7,1.8240202688
7,1.9966241513
7,3.7429306291
7,2.3303607287
7,1.4231067125
7,4.0321761853
7,1.6463968383
7,3.6928132345
7,4.2875916856
7,4.6064093504
7,1.9209170709
7,4.0389707367
7,4.3746976861
7,4.2688082397
7,4.2064035432
7,2.4817701739
7,1.8427780481
7,5.118439761
7,2.0484601629
7,4.7077989399
7,4.5432614192
7,2.3486555746
7,4.1163803248
7,4.1348152657
7,4.1798213393
7,4.7430493514
7,4.5230360189
7,4.2763660215
7,4.4241698391
7,4.6897187009
7,3.6972667356
7,3.7448289952
7,3.7339041584
7,4.7684402547
7,2.1942591277
7,2.1317987557
7,2.5400218783
7,2.1080784797
7,3.6183780344
7,4.0088200236
7,5.0243791733
7,3.8697490369
7,4.0391157344
7,3.6382605363
7,4.4602854434
7,3.9227361764
7,2.2920672133
7,4.8137716879
7,5.0582562476
7,4.6550142258
7,1.9015097449
7,4.4501225547
7,3.9879478358
7,3.5072342706
7,1.9805344002
7,4.1590418647
7,4.3797307376
7,3.9723176079
7,4.6227557437
7,4.6244193019
7,2.0916532423
7,1.8768995805
7,2.643248562
7,4.8541867286
7,5.1518819783
7,3.7729841801
7,2.0849549566
7,4.0825288526
7,2.1432984223
7,4.2113983098
7,3.5669678742
7,2.1019217586
7,2.0810161314
7,2.0356390014
7,3.3101238709
7,4.2136011797
7,2.63163525
7,1.964947841
7,4.2575787442
7,2.091264036
7,3.9519255946
7,2.1102631246
7,1.9523567787
7,4.3914050812
7,3.5964785456
7,4.832124072
7,3.7180443474
7,4.012804193
7,4.2738378038
7,2.3953548973
7,4.1287206781
7,4.9135666106
7,2.5688245378
7,2.3683466093
7,4.7050384257
7,4.4879617656
7,4.3106339918
7,2.0156132692
7,4.2462915122
7,4.5829416946
7,4.0268978778
7,2.0003330946
7,4.7860256354
7,5.4803513784
7,4.3510769376
7,2.3861302619
7,4.24785168
7,2.5208493022
7,3.7951780505
7,4.5837584077
7,4.1060393439
7,4.5370771797
7,3.940819974
7,5.012187011
7,4.6762424161
7,4.3690642255
7,3.5523565602
7,3.7524325944
7,4.7746998158
7,2.1157140045
7,4.158883452
7,1.922479409
7,4.0467697748
7,3.6696654216
7,4.3098941054
7,3.6613074738
7,4.4060906257
7,4.2745388995
7,1.5678616004
7,4.4408299156
7,3.712491729
7,2.1741434268
7,1.9835620832
7,4.1535258848
7,3.8672434622
7,4.3109541061
7,4.3728219239
7,4.3430464673
7,1.8503955174
7,2.4831008028
7,2.2879677374
7,4.464315544
7,4.3246672141
7,5.0690869592
7,4.8797084074
7,4.5078540145
7,3.858980402
7,3.8430238993
7,2.1892415794
7,3.6508801955
7,4.5592723902
7,1.6063405815
7,3.8808389287
7,4.8283487659
7,3.9504392737
7,3.9656179251
7,4.1231261263
7,1.907976721
7,1.8610145438
7,3.8593507933
7,4.5008484644
7,4.5166122349
7,4.3839426624
7,4.6952723067
7,2.4802859813
7,4.3498569566
7,5.4368461125
7,2.0672291536
7,2.2064882543
7,4.7289847099
7,4.4889301212
7,4.273508681
7,3.5669508174
7,4.1817597867
7,4.3202531892
7,4.3946403247
7,1.872865209
7,4.4455926608
7,2.2852645633
7,4.8801517389
7,5.1938513576
7,1.913967356
7,3.8827567158
7,1.7628492789
7,4.1042193767
7,4.0592199968
7,3.7873021225
7,2.1482617896
7,4.1737500225
7,1.573095667
7,5.0391602986
7,3.7619085956
7,2.013234724
7,4.1113948288
7,4.1618970307
7,4.0242296146
7,3.5322457532
7,4.8806924849
7,1.8959863557
7,4.7972306202
7,2.0345606375
7,1.7044685516
7,4.0683119563
7,1.9332354598
7,3.1346993948
7,3.7782027533
7,4.2419032727
7,2.0296224037
7,1.9971789708
7,4.2448017849
7,3.770873059
7,3.8897370349
7,4.8803623246
8,2.2982502227
8,4.6228485485
8,4.6035863295
8,4.0441210061
8,4.716181114
8,4.476030929
8,4.338539903
8,4.3354562818
8,3.9286283619
8,4.0775934599
8,2.2904460399
8,5.0304595789
8,4.4840338719
8,2.0527422103
8,4.2628467009
8,3.7138253123
8,4.5502291129
8,1.8789069215
8,3.8471680523
8,4.1135077086
8,2.19008534
8,2.0144567419
8,4.7630529569
8,3.9250015731
8,2.035882305
8,3.4917990702
8,2.0440657922
8,2.0058072956
8,4.3341096314
8,4.2902251332
8,4.4269408413
8,2.1444511247
8,3.7490110898
8,2.1288232549
8,4.1963388359
8,5.0548544282
8,4.6100531518
8,2.1840499679
8,3.5221592531
8,2.3385401624
8,4.1128760417
8,4.5537780664
8,4.2037138932
8,4.184472466
8,2.1222161304
8,2.2775755381
8,4.2261502957
8,4.2920969113
8,2.0870565815
8,4.0560933125
8,1.8520656139
8,4.504219389
8,4.4144243941
8,2.0238405215
8,2.0233764287
8,3.6681489451
8,2.2213518466
8,3.3648653171
8,2.245963891
8,3.9239962097
8,1.9097013402
8,4.2119877965
8,1.8905488576
8,4.4935700706
8,1.938780028
8,3.5203333198
8,4.7111039127
8,4.0723952872
8,2.166804603
8,2.1560002232
8,3.973157783
8,5.1985459647
8,2.0246563803
8,4.3398805283
8,4.0099952676
8,4.6760086414
8,4.4446399663
8,4.1936993689
8,4.9029609428
8,3.8774532903
8,4.2952753551
8,3.4516608004
8,3.995741784
8,4.4390457757
8,4.6686846839
8,2.024377702
8,1.9826893409
8,4.0136969101
8,4.3941298949
8,4.4167678657
8,4.4658423109
8,3.9313213304
8,2.0829382609
8,2.2820695309
8,1.8851330872
8,4.0669693528
8,4.8326770591
8,3.7928926843
8,4.4675718202
8,1.9557040117
8,3.9099788825
8,4.4832486357
8,2.2955131394
8,1.9444007818
8,3.817217011
8,3.8447113419
8,2.1558627863
8,3.43472438
8,1.700076733
8,4.3290530192
8,4.0727045304
8,2.0258921288
8,1.7123561302
8,4.4412682718
8,4.5178362857
8,4.858062739
8,4.2043397156
8,2.196948808
8,5.0372832434
8,4.6564291863
8,2.2443801628
8,4.6254742674
8,2.2721967746
8,3.7225284354
8,2.0131653205
8,1.8670160261
8,3.8304497385
8,2.0785586719
8,2.1904692459
8,1.5255593354
8,3.8656029842
8,2.3016588342
8,2.2589447909
8,4.0995812908
8,3.9103316843
8,4.1177312114
8,4.9105312788
8,4.2886125594
8,4.4336976376
8,2.0655796482
8,4.3642675933
8,4.7824060012
8,4.135278456
8,4.0866878206
8,4.1133819812
8,4.1758206764
8,4.367078197
8,4.330518941
8,1.7592395546
8,2.0268270036
8,1.7529534779
8,4.9542339988
8,4.3107637397
8,4.6751159659
8,5.2993146323
8,5.0691436673
8,1.9284634091
8,1.7417915274
8,4.1175974882
8,2.3131465163
8,4.0317097105
8,4.1652041575
8,2.1486003273
8,3.8491567156
8,4.6508392161
8,2.051588907
8,2.2789418346
8,2.3395105936
8,4.2209239871
8,4.2677756926
8,2.1846728296
8,1.9514580549
8,2.1031440304
8,4.7961616406
8,5.1518918504
8,2.2284044334
8,5.0164258002
8,1.8053777947
8,2.1663295258
8,4.4326757662
8,4.8038548486
8,4.2675163024
8,1.5099175894
8,2.1227193732
8,4.3004839098
8,2.1582933431
8,3.7032816206
8,2.3180731212
8,4.086929037
8,1.9488091009
8,1.759084565
8,2.4211257572
8,3.5624619557
8,2.2433778662
8,2.174136169
8,3.4355646699
8,4.167687752
8,4.2243833973
8,4.1582477663
8,4.2886682305
8,2.0098821369
8,1.5403496802
8,1.9582913441
8,5.0319730938
8,5.0433358401
8,2.0734730494
8,3.7721579314
8,4.2180877062
8,4.1409855257
8,4.447463358
8,2.3022881115
8,4.0259281575
8,3.8220219697
8,4.0061984477
8,4.089891525
8,1.9998964687
8,5.1316672342
8,4.7110940145
8,1.9423711606
8,4.1850684903
8,4.7267482478
8,4.7014151685
8,2.0007186575
8,3.8606455245
8,1.470886099
8,2.0842253649
8,4.8620447733
8,3.8778631573
8,2.1253472344
8,2.133656284
8,3.9164462711
8,2.0289945103
8,3.7989425871
8,3.8600917471
8,1.7481718381
8,4.1961643166
8,2.1297190871
8,3.7600369528
8,3.8379687811
8,4.0621184999
8,4.3031060014
8,4.4746048364
8,4.41115435
8,4.6792578002
8,4.3855837581
8,2.1189001466
8,4.0739746078
8,3.5856699401
8,1.6948223274
8,2.1647233327
8,4.885154222
8,2.3157376273
8,4.8034863869
8,4.188757195
8,4.7520098412
8,4.4247017685
8,2.4991724001
8,3.980254668
8,1.4216679762
8,4.2014717014
8,1.8799169983
8,2.0368180459
8,4.1692648876
8,3.9551869452
8,4.4501730834
8,2.0847440041
8,1.983242197
8,1.9566080912
8,2.2971084884
8,3.6459502836
8,1.9193226735
8,2.1317308662
9,4.5926755181
9,2.1303179593
9,4.1592577132
9,3.9780635628
9,4.1503099653
9,4.1063614059
9,4.0933268267
9,4.6420664292
9,4.3019739951
9,4.1764411509
9,4.1950077559
9,2.0905249693
9,4.2050114691
9,2.2293923943
9,4.7946597964
9,1.8526070495
9,3.6981177719
9,4.0752482653
9,4.2673113491
9,2.2348872367
9,2.3252891537
9,3.9035111053
9,3.6235415962
9,4.0804978344
9,3.7777193325
9,1.7213231032
9,2.7018351903
9,1.952501738
9,4.7171762829
9,2.5710709729
9,3.4203697386
9,3.9545849161
9,3.3144278311
9,5.1349457172
9,4.8147431884
9,4.4414136483
9,5.0508596241
9,1.886337278
9,1.9575976413
9,1.9811690822
9,3.5811038332
9,3.9965764503
9,3.9494037132
9,1.845067944
9,5.3698620152
9,4.0415867623
9,3.7382586784
9,3.928260725
9,4.1230896089
9,1.5867510754
9,3.5935360439
9,3.4481444278
9,5.0640118214
9,1.4955093871
9,4.3575404142
9,4.7124256637
9,2.1415431332
9,4.2282105315
9,4.8124141817
9,4.5881308072
9,2.1546032065
9,4.4746556437
9,1.8731623436
9,4.083445065
9,4.7475631579
9,4.184425735
9,2.0154003801
9,4.5642035443
9,4.490765547
9,4.4731402048
9,1.9328368467
9,2.3361117353
9,2.0669157666
9,3.8050351537
9,2.0452673339
9,3.1600899981
9,4.5342076375
9,4.2097430058
9,3.7868885154
9,4.785737867
9,4.1767266176
9,4.3568635259
9,4.8426256108
9,1.7404608489
9,3.6112215581
9,4.1505129502
9,4.5988053747
9,4.1799225254
9,5.1722049708
9,3.4721324161
9,4.0473414644
9,3.2890005841
9,5.237144868
9,1.878270182
9,4.2369731608
9,4.0375707074
9,4.3766852985
9,3.899909074
9,3.9128680144
9,3.3136234208
9,1.8743010056
9,4.5822660662
9,1.7954611746
9,4.2799267578
9,4.7941065335
9,2.5533507514
9,2.1033023249
9,4.4564713746
9,2.0819470479
9,1.8336765761
9,3.6167624058
9,4.0105724029
9,4.6420488489
9,4.575036329
9,4.6742484453
9,4.479188916
9,4.0876135661
9,1.7761277517
9,5.5153834236
9,4.6274894745
9,1.9399734552
9,4.875718138
9,5.0971976975
9,4.5987816373
9,5.0452764338
9,4.8026945282
9,4.103164381
9,2.2573224229
9,4.6133673073
9,3.7909773578
9,3.4823727895
9,4.1289053847
9,2.5251350408
9,2.0986024574
9,4.4241228474
9,4.4543835605
9,1.8960926104
9,4.5237943443
9,4.3862533582
9,1.9492707326
9,4.7319799137
9,5.0626816759
9,3.8998949042
9,2.1089145682
9,4.6955565839
9,1.7986267109
9,4.3205320558
9,2.0717012286
9,2.4238286183
9,3.8103640256
9,4.9394641298
9,5.0796858596
9,4.3205798104
9,1.9953324884
9,2.0522819172
9,4.8839981984
9,4.1643286524
9,2.1780836825
9,4.503289497
9,3.9699186048
9,2.1547368921
9,4.4015120389
9,2.3055281942
9,1.5274438626
9,4.0986547431
9,4.014408851
9,4.3184710078
9,3.8897522733
9,3.8434544809
9,1.9981884243
9,3.9683354528
9,2.1823998397
9,4.0442182416
9,3.8039599533
9,3.6441683247
9,1.9742854538
9,4.2007445845
9,4.2805542544
9,1.8048849669
9,3.7447975346
9,1.5091615556
9,4.2849591085
9,1.7326048053
9,3.984601441
9,4.5300342923
9,4.3652864014
9,4.9787506345
9,4.5481745217
9,1.9873265113
9,4.7660259036
9,4.9474270414
9,1.995324502
9,1.9436074486
9,4.0639628885
9,4.2523562741
9,3.7766736006
9,2.4346145757
9,4.7446992134
9,2.0997219299
9,1.8681452743
9,4.7621790144
9,2.228706506
9,2.0395322703
9,4.2717896914
9,5.0376619872
9,2.1125563662
9,4.8463959845
9,4.0068092126
9,4.4423494049
9,4.7391265392
9,2.2660234607
9,5.0195437097
9,3.4755010701
9,3.7415001151
9,4.4320893917
9,1.9543726037
9,2.8470575368
9,1.7531542277
9,4.5135110657
9,3.8968114815
9,4.7198511134
9,4.5942095327
9,5.3478095163
9,4.3208593748
9,2.0276283616
9,4.0804625271
9,4.2512334246
9,4.7793253879
9,1.9109343246
9,1.4678890777
9,2.0132117402
9,1.6770199562
9,4.238924339
9,3.8815985608
9,2.1506009024
9,4.0513959867
9,3.7963479582
9,2.6111275656
9,1.9618118683
9,4.485999721
9,2.0497357509
9,3.7542768028
9,1.7791133249
9,4.6883099944
9,2.0792519949
9,4.2193949301
9,4.461653648
9,3.5785855919
9,3.3312386292
9,4.2199088289
9,2.2763834707
9,4.271829598
9,4.9493603975
9,1.5077037893
9,4.5695680321
9,4.9114582724
9,4.1073019852
9,4.1244835792
9,2.2679497235
9,4.6061044661
9,4.9496190026
9,4.1689434208
9,1.7680719176
9,5.3022604605
9,4.0641197668
9,1.8518898265
9,2.1964629094
9,4.107629248
9,2.3541335359
9,4.9752096139
9,4.4352652503
9,4.4997145018
10,1.8030084811
10,4.3350826821
10,2.1272636606
10,4.0490396263
10,4.8011135111
10,3.6242749552
10,3.8227764651
10,4.8820517304
10,3.9010561264
10,2.129978848
10,3.4279612522
10,4.3007536503
10,3.9892897117
10,3.5943035215
10,1.9776146901
10,3.9770649696
10,2.18474629
10,3.9421723652
10,2.3235585473
10,3.6328536995
10,5.163516507
10,4.1850141001
10,3.9504246905
10,4.1433876981
10,4.7640871353
10,2.1408257101
10,4.2660393123
10,4.5394340267
10,4.0001387822
10,2.0437092817
10,4.3557729395
10,3.9370184429
10,2.626215375
10,1.816306735
10,4.5908341168
10,3.7642720537
10,4.1732598908
10,2.0542051876
10,1.8419467353
10,2.0855576523
10,2.1001157092
10,2.1122859498
10,4.618174718
10,4.3232003635
10,4.2032522114
10,1.7136418374
10,4.9273443677
10,3.7903926625
10,3.9045528835
10,4.184555244
10,3.9299117033
10,4.0930397976
10,2.0513372664
10,4.3528068106
10,1.9197872543
10,3.8050133215
10,4.0178648246
10,4.2307050057
10,4.1175687599
10,3.3756622976
10,4.4602923745
10,2.0655053403
10,4.333915482
10,3.9887223069
10,5.1933716105
10,1.9699791329
10,2.1107728385
10,2.0908142047
10,3.4946293064
10,2.1712010135
10,4.6194885573
10,1.9264251723
10,2.0954417524
10,4.3552946226
10,1.8284508454
10,4.3601454627
10,4.2520579185
10,2.2351594938
10,1.8722069649
10,4.3912969214
10,2.4218662231
10,4.512373722
10,2.0681753805
10,4.6280642263
10,4.6857228207
10,2.0192025068
10,2.0595515355
10,1.8971440823
10,3.8380313876
10,4.0915501464
10,2.1645091346
10,5.3272269312
10,4.2116759256
10,2.0715680547
10,2.077722091
10,4.673686692
10,2.1004956689
10,2.2843833918
10,1.5639165703
10,4.7223708101
10,4.2876312162
10,1.8746454172
10,2.7181340467
10,2.2868843566
10,4.6710211947
10,4.1389884476
10,4.5620740232
10,4.3392771622
10,2.2755556222
10,1.8377268574
10,4.1641313814
10,2.2239236382
10,4.6882785486
10,1.9870264724
10,1.7069402697
10,4.7749022912
10,1.8711404826
10,1.9342010549
10,3.6512113641
10,3.8284812239
10,2.3431384747
10,1.6468788467
10,4.7534850614
10,4.6734628834
10,4.0894186895
10,4.4694342814
10,2.0444199437
10,4.4526993797
10,4.3237696301
10,3.7146289981
10,3.7691373766
10,1.5069991471
10,3.4587594693
10,4.4457700548
10,1.9584249076
10,2.4082131325
10,4.1731802635
10,4.0114089637
10,1.9308084408
10,5.0616563715
10,3.7408303526
10,2.4229071916
10,1.7798226815
10,2.2070782904
10,4.0362968346
10,3.8090560199
10,1.9298306457
10,2.2720314739
10,4.2447177178
10,4.0203602554
10,3.9721165503
10,2.222958924
10,1.8654613345
10,2.1660300245
10,2.0474840552
10,2.1780069868
10,4.1326190362
10,3.8825868635
10,4.2205709911
10,4.5682813223
10,1.9535737225
10,4.9650084137
10,3.2012625586
10,1.9522579721
10,2.1595787839
10,4.2474781413
10,1.9758269406
10,3.5434788559
10,1.9912489537
10,4.1763475722
10,3.8309763308
10,4.348500695
10,4.6564960675
10,4.2918396559
10,2.4697809136
10,4.3860299814
10,4.3198638479
10,3.6983581265
10,1.6928495613
10,2.3913463566
10,3.5967863206
10,4.4588794201
10,4.5102150576
10,4.8444099821
10,4.4787983631
10,4.3997831577
10,4.1627195186
10,4.7184553617
10,4.1433556896
10,2.1687007852
10,3.6815370195
10,2.2704764271
10,4.3237990745
10,2.0604675538
10,2.4045090161
10,4.4336005299
10,1.8994015666
10,4.2570694795
10,2.3039709836
10,2.3744566098
10,4.3318265062
10,1.8627832129
10,5.8508141222
10,4.7155650712
10,4.6033999456
10,4.270836954
10,1.9906570273
10,3.8270483433
10,4.0789336177
10,3.2960345069
10,1.9614198864
10,4.2030850193
10,3.880103715
10,4.0128185573
10,5.2556406387
10,4.034290217
10,3.2392117658
10,4.368633391
10,1.8594589181
10,3.6484360944
10,2.1883555827
10,4.0731113797
10,3.9528023443
10,2.2241474625
10,4.3931194544
10,4.4810486678
10,4.6814357144
10,2.206278284
10,4.0924668441
10,1.8041416556
10,1.9739304328
10,4.6620799948
10,4.7381797874
10,4.2360670188
10,1.4905732619
10,4.3544801204
10,4.2539305914
10,4.4287340823
10,4.6601550334
10,4.1066757865
10,1.894030963
10,4.1522107534
10,5.0173901836
10,2.0552050959
10,3.8641357324
10,1.9459124144
10,3.3715520814
10,4.4200974348
10,4.9733948534
10,2.3046133973
10,2.2146581259
10,1.9575581035
10,3.7248294131
10,3.915042875
10,4.4314212613
10,1.9792401153
10,2.0310449707
10,2.2441370195
10,4.3877690915
10,2.3334000847
10,4.1124548027
10,4.1039018409
10,4.9106881881
10,2.2495635733
10,4.7969322187
10,4.2980085822
10,4.216560584
10,4.3644348891
10,5.0846073028
10,2.1409199861
10,2.1336746063
10,4.1326043942
11,4.6330408391
11,2.0585337628
11,3.7831338751
11,2.4763016555
11,1.7826444314
11,4.5669042358
11,1.9409229352
11,1.5481331751
11,2.1350014634
11,4.3903023914
11,2.241873212
11,4.2297937161
11,4.2835004458
11,1.7408275123
11,4.524179677
11,4.6524070096
11,1.9242764708
11,4.5823921464
11,1.8348555992
11,2.5812076268
11,4.5386375076
11,4.4526565445
11,2.3031378834
11,1.9158256148
11,5.0932184213
11,4.4909482931
11,2.2646017784
11,3.441771386
11,1.6266239706
11,1.9528257664
11,3.8890243533
11,4.1270876889
11,1.8510454027
11,2.2681295029
11,1.9765480614
11,1.6975704346
11,4.7448352346
11,2.0539069295
11,3.7746529258
11,2.2035513226
11,3.5048599456
11,1.624963245
11,5.1721780754
11,4.3078736318
11,2.5662210837
11,4.3730284219
11,4.6058728671
11,2.1775793296
11,3.9841305329
11,4.3853559932
11,3.9408705387
11,3.6908092897
11,4.4622076187
11,3.9527253568
11,4.8969457125
11,3.8528178972
11,4.2535693671
11,4.5164517305
11,4.1668898859
11,3.8643357047
11,2.1538455964
11,2.0447444908
11,4.8363601472
11,4.6643314372
11,4.2533375491
11,4.5332096059
11,4.295840163
11,3.7983476456
11,2.2345671057
11,4.5925046896
11,2.0064375656
11,3.9162894432
11,4.3648173225
11,2.0684315472
11,4.2980937852
11,2.0795749292
11,4.8317158919
11,3.6388557386
11,4.5364386469
11,4.0350047949
11,4.3929665709
11,1.9159741218
11,4.1664050413
11,4.6869562536
11,3.9275363745
11,3.6657106649
11,4.5649357438
11,3.6430897286
11,3.4932091344
11,2.1713264605
11,1.8821282632
11,3.4936293668
11,4.3860640401
11,4.5657784074
11,1.9979072819
11,4.3778554451
11,4.5174390615
11,3.963491454
11,4.2459606397
11,3.5489664616
11,4.6397766761
11,4.7606850937
11,4.5827630115
11,4.2036361864
11,4.9134512728
11,4.3678966752
11,5.014437743
11,5.0881873082
11,3.9168893836
11,4.0672282594
11,4.3077682816
11,2.3878603115
11,5.3050469678
11,3.7352316088
11,4.5353606509
11,2.1098142693
11,1.6516303386
11,2.258170855
11,1.7587415234
11,3.6274890131
11,2.4016382432
11,1.802615922
11,4.5315622256
11,4.3789891596
11,2.46086869
11,4.42804657
11,3.7169759752
11,4.5828775246
11,4.4527678969
11,4.6043139111
11,4.1820591334
11,4.7232858446
11,2.4938661119
11,1.8848190401
11,4.1287482899
11,1.9292906831
11,3.9409663157
11,4.5070889502
11,1.5645846621
11,1.7656957563
11,4.1364614136
11,4.7770056336
11,4.2062190673
11,4.2640405335
11,4.1213373934
11,4.1423384985
11,1.8040476991
11,3.6559631499
11,4.6595594937
11,2.0421060163
11,3.2677843277
11,2.093070288
11,1.8151563027
11,1.7972409664
11,4.7281132138
11,4.1885150171
11,2.6649155615
11,1.8984068778
11,4.1372685202
11,2.0959596953
11,1.9676242017
11,3.7215470873
11,3.5752669307
11,2.0558305275
11,2.2108327919
11,4.117491998
11,4.3132067761
11,4.3820447089
11,4.3554512603
11,4.2799767375
11,4.7709851558
11,4.1933644079
11,2.183165646
11,1.7856106235
11,4.9098926537
11,2.0845562594
11,4.2428660294
11,1.8690430513
11,4.2311387628
11,3.4210662193
11,2.0052567222
11,4.3023938688
11,1.9856379228
11,4.6297644202
11,4.1274453549
11,1.7454894684
11,2.0504719839
11,1.8924549833
11,1.9877421998
11,1.9001557156
11,2.4453149344
11,3.9953363466
11,4.147067352
11,3.778581617
11,4.450539121
11,4.1787336992
11,3.9913508768
11,2.118070532
11,1.6271176435
11,4.5681200669
11,4.2312625423
11,4.4763204202
11,4.6556844326
11,1.7849650461
11,1.9162391992
11,1.9043600726
11,2.3020538892
11,2.2727933042
11,4.0093781557
11,4.8622923438
11,3.9778852223
11,4.3182404676
11,2.437461922
11,1.920410378
11,4.3106489184
11,1.9004575232
11,3.945659696
11,2.1067758183
11,2.0166610265
11,4.1066671275
11,4.4431589436
11,1.9558921585
11,1.6579520114
11,4.4116329127
11,4.6523195267
11,1.7505589491
11,2.3426701609
11,4.3512326044
11,3.7187462181
11,4.2394091435
11,4.3253201996
11,4.2636411981
11,4.416693352
11,5.3305038419
11,2.4166377648
11,4.1049979863
11,4.9458309311
11,4.7018656229
11,4.4602948783
11,4.5412043469
11,2.1237177662
11,4.2820758048
11,2.2939531844
11,3.4788006656
11,4.3169434929
11,2.23935291
11,3.5898779153
11,4.3862727663
11,4.7686517045
11,4.672940465
11,4.6689301239
11,1.9233772813
11,4.8372018513
11,3.9476333383
11,1.5501034452
11,2.1848036907
11,4.0697866869
11,4.5180119876
11,1.9772155417
11,1.4550333717
11,3.887522023
11,4.2667708796
11,4.3714463534
11,4.2016805524
11,4.7153340896
11,4.2823587302
11,4.2346817268
11,1.8097417763
11,4.2335134177
11,4.6722394338
11,4.0709142036
11,1.889327551
12,1.9954923629
12,4.5445799133
12,2.1385453286
12,4.3634467792
12,4.8190199051
12,2.3448991155
12,4.884906582
12,4.4199919843
12,3.5576246421
12,1.9418897576
12,2.2552228261
12,3.4342491697
12,3.8029073039
12,2.2311032527
12,1.6942395499
12,5.0678901661
12,4.3537564558
12,3.3608180975
12,2.1716668416
12,4.8567134742
12,4.2779370011
12,4.56028064
12,4.5981803169
12,1.9002655183
12,4.0641466493
12,3.5923274247
12,4.2316735487
12,4.8498387212
12,4.193781222
12,4.4914920802
12,1.8313283322
12,3.612819
12,3.948558997
12,2.4496133794
12,4.4913268775
12,4.4727548954
12,4.1686821519
12,3.8606042655
12,4.3037591724
12,4.6659237193
12,1.9134409899
12,4.4281462885
12,4.4863412421
12,2.1215090954
12,4.3350086299
12,4.2880316195
12,3.4364618698
12,4.5022727489
12,3.9928530586
12,3.6826327612
12,4.4523416862
12,4.0802238188
12,4.2405398685
12,4.5071001311
12,1.8175245033
12,4.2255525314
12,3.8433172129
12,2.111454951
12,4.9594960376
12,4.6433875425
12,3.9091351594
12,3.8339877221
12,1.8399735294
12,3.4652931853
12,5.2299125973
12,2.0493368004
12,4.3696703199
12,3.8699142301
12,3.5876312846
12,4.4004373981
12,4.509698606
12,3.6273171292
12,4.6435893859
12,4.308900978
12,4.4936007078
12,3.943308061
12,1.9948310051
12,4.4622511753
12,3.5942821892
12,4.7499261977
12,2.2601832518
12,3.4955844016
12,3.8539414473
12,4.4750462623
12,2.0380835106
12,2.0249372304
12,2.0327140863
12,3.710755683
12,2.2154202915
12,1.9373692662
12,1.7323827211
12,4.2039243109
12,3.9703197037
12,2.7257578858
12,2.4368500905
12,3.9794255725
12,2.0831550001
12,1.8964418598
12,4.7820522442
12,3.8414858463
12,4.4917614422
12,4.8135624234
12,1.9556734296
12,4.5494625015
12,2.1772624083
12,1.4886261095
12,3.9681442588
12,4.1319270195
12,4.505202332
12,2.3150913157
12,4.2574974443
12,3.5443876652
12,4.4016759272
12,1.9090501513
12,4.7473850977
12,3.9267324324
12,4.0078859644
12,1.7627434132
12,3.6173356341
12,4.5186993396
12,2.281040284
12,3.8681917575
12,2.0191586444
12,1.9490440107
12,4.9458738119
12,3.7200842908
12,4.2996332805
12,2.3270644392
12,4.5931543304
12,5.2357706255
12,4.5451360186
12,1.7805265883
12,4.5497706186
12,1.8027602366
12,3.9290302929
12,4.9835657762
12,2.2734114608
12,1.9415268803
12,4.2445279863
12,5.1233191817
12,5.0342877914
12,1.9392934552
12,4.495907611
12,3.8844371506
12,4.1708756444
12,2.4331193223
12,1.8495217123
12,2.2101038068
12,3.6895106955
12,1.8686291274
12,1.8049926022
12,4.2100778475
12,3.736921389
12,4.7286663301
12,2.2568543978
12,2.0558535429
12,3.5824432804
12,2.8378049415
12,4.0966995572
12,2.1440681067
12,4.1273020106
12,4.088896323
12,3.5406436228
12,3.5039382017
12,4.2172556795
12,4.3983873535
12,1.8808806269
12,4.0959636285
12,3.530999086
12,3.9731031049
12,4.3494460858
12,1.8768008704
12,4.3136645567
12,4.3313054584
12,2.4029548555
12,4.4119326568
12,3.7306897114
12,3.3843216932
12,4.6244622419
12,4.5039158246
12,1.5575360916
12,1.8570044963
12,4.4514426995
12,4.2175054761
12,3.8359389842
12,4.3472025839
12,1.6523603406
12,4.7393992773
12,4.5080376356
12,2.2004569927
12,4.7965578638
12,4.4762383727
12,2.1560827203
12,4.3257330146
12,3.8815352414
12,4.7595933479
12,2.0247892842
12,2.4170047459
12,2.0337159367
12,5.2562359554
12,4.0233074818
12,4.3908917809
12,3.8892009275
12,4.3551916769
12,3.6985775535
12,3.810419602
12,1.6325691154
12,3.7842307898
12,4.3137884353
12,4.6524018957
12,3.9345625571
12,2.1650624255
12,3.8903549013
12,3.970334289
12,1.6854931383
12,4.6354955622
12,2.0195830824
12,1.9547986953
12,2.1722860226
12,4.2587111254
12,4.2651962782
12,3.9489158972
12,3.9019266534
12,4.0928810373
12,2.2776226149
12,4.2171444079
12,4.6779196578
12,3.8743389515
12,1.5049082715
12,2.0127655134
12,1.8831102042
12,4.579613468
12,2.2481955999
12,4.2100998114
12,3.8984612841
12,3.3339268885
12,4.2300557688
12,1.9032717935
12,4.5087091572
12,4.6901735111
12,3.7539652076
12,4.084635762
12,4.3547159993
12,2.1855931502
12,4.4239094964
12,4.6096867344
12,1.8552229942
12,3.3281721181
12,4.173800228
12,4.760395502
12,4.2515064375
12,2.1321028898
12,4.1091120419
12,4.5302746932
12,2.3967937999
12,4.7793808398
12,4.7240968754
12,4.3051427749
12,3.1090065316
12,5.5063935888
12,5.2704653604
12,4.0028642036
12,4.3696091698
12,4.2002537735
12,1.9522666003
12,3.4525385897
12,3.690176086
12,4.5852173144
12,4.1838650599
12,4.429853962
12,4.6414449897
12,4.2882578098
13,4.3015192704
13,1.7534261408
13,4.4437841107
13,4.2765819382
13,1.8464268845
13,1.9800066605
13,4.536329406
13,4.2761064196
13,1.8864603951
13,3.5196241817
13,4.7296257577
13,1.5485892289
13,2.1631977802
13,1.9732103689
13,1.7263604811
13,4.433880712
13,1.9870443211
13,4.0842718453
13,4.5621132677
13,2.0772755965
13,4.0421390693
13,2.0849999768
13,1.9021582604
13,4.7428437246
13,4.3976211381
13,3.0297714724
13,1.6402501299
13,2.2916442874
13,4.5731752912
13,4.9342610971
13,1.866989109
13,3.5475596082
13,4.483020403
13,4.5493269125
13,1.7119792565
13,3.6753220547
13,4.3257109961
13,3.7562442537
13,2.0442958417
13,4.2598797136
13,1.9886193721
13,3.7332585441
13,4.5843619991
13,4.4240910615
13,3.6778797037
13,3.6718038308
13,2.1956201037
13,2.1730172974
13,4.7200300984
13,4.3256603633
13,1.6729051933
13,4.5352485668
13,3.4774105877
13,3.9873821328
13,3.7863950161
13,4.6369098611
13,1.6192734328
13,4.7499129706
13,4.3006093933
13,4.5233397455
13,4.1633722553
13,3.7865326331
13,1.7108200258
13,1.7860428555
13,2.621417876
13,4.7376545997
13,4.7720165362
13,5.3136583701
13,4.0581571171
13,1.9890911088
13,4.3010041529
13,4.8099134052
13,3.5183370205
13,2.379441528
13,1.8787193664
13,1.9909475721
13,4.3631091793
13,4.7287943017
13,4.1299716411
13,1.9967445054
13,1.6896541118
13,2.3001337078
13,4.7386120522
13,2.0535796235
13,1.8276048512
13,4.2032663591
13,3.7496759687
13,4.6556752219
13,3.2020873658
13,4.5723118904
13,2.2606906924
13,4.1815220228
13,4.7056195927
13,4.3877966394
13,1.9316422225
13,4.5692433449
13,4.0884876967
13,4.0908198606
13,4.3723949236
13,4.307903148
13,4.25417094
13,4.1966083089
13,2.1115606376
13,4.2315243893
13,4.565965612
13,4.0990541378
13,1.9031965356
13,3.7232166963
13,1.8893778407
13,2.57605736
13,3.633316224
13,4.22882612
13,4.1769926275
13,4.2174207629
13,1.8969469936
13,4.3874258134
13,3.6717712388
13,3.8875009869
13,3.9733566607
13,2.0265055064
13,4.4183982462
13,2.230498622
13,2.052346483
13,4.3616861929
13,4.1673268825
13,4.0902753798
13,3.7270916659
13,4.5224390024
13,3.6024718713
13,2.1097315857
13,2.0487273852
13,4.0334827711
13,5.0470755841
13,4.4720423856
13,4.447918372
13,1.8540788557
13,4.4501967055
13,4.241772805
13,3.5629987977
13,2.0197936611
13,4.5668863279
13,1.8735435091
13,3.9212908105
13,2.2908841315
13,3.8497850491
13,4.092627384
13,4.6487949953
13,4.9477865104
13,4.6070262187
13,4.3183422739
13,4.1862335882
13,4.2074813046
13,4.5783255216
13,4.0044330645
13,4.3476319322
13,3.9657662161
13,4.0830489471
13,3.3017596965
13,3.7943063301
13,1.9947337752
13,1.6255389235
13,4.1592136447
13,3.9685125438
13,1.9722381019
13,2.0452230088
13,2.3805377175
13,2.1117460427
13,3.9636334185
13,3.9113965129
13,2.4737200287
13,4.751665533
13,1.9281493751
13,3.8256934518
13,2.0980151429
13,2.5237488835
13,2.2416470599
13,2.4343213369
13,2.0479529234
13,4.3009139817
13,1.5546133106
13,2.0621576115
13,4.4675177365
13,4.6178083261
13,4.3536364889
13,4.6793601266
13,1.8359763464
13,4.5236695094
13,4.2855583058
13,1.9214732058
13,4.2054711847
13,4.5792159658
13,4.7215227648
13,2.4472466986
13,3.9224490085
13,1.8781222237
13,4.0419257925
13,1.7989309128
13,3.6484675418
13,3.6919529988
13,5.2076334625
13,2.1473027964
13,2.0885474837
13,4.9624739266
13,2.1976476557
13,4.5559907449
13,4.2034832997
13,3.9260568059
13,4.7012466121
13,4.3627641713
13,1.980724182
13,3.9645872894
13,3.6031670257
13,1.987447583
13,2.0985181732
13,5.2356881904
13,4.488083849
13,1.8200087927
13,4.5818646501
13,4.8609285561
13,3.6572932909
13,4.2546020604
13,1.6585271972
13,1.9322475596
13,2.0641375363
13,4.4621612123
13,2.073552432
13,3.588452536
13,4.7060906422
13,4.0572988939
13,1.9053434434
13,4.5016551471
13,4.6544275772
13,5.0113008869
13,2.3391282471
13,2.4835492814
13,3.9419760653
13,4.7978706826
13,2.0329322677
13,2.0895921784
13,2.3020398437
13,4.6955290568
13,2.1706502372
13,2.6814441487
13,4.1449990244
13,2.0867356535
13,4.7452509896
13,1.6631904566
13,3.5412593489
13,3.3467349083
13,4.2389688082
13,2.222045687
13,2.3372065853
13,5.0690899548
13,2.4991619903
13,3.5725778779
13,5.2559309208
13,1.7251813473
13,1.7529108373
13,3.9502959272
13,1.9776678326
13,2.06195743
13,2.0291355971
13,4.0498109951
13,3.801766677
13,1.9213355851
13,2.2979481704
13,2.2084611692
13,1.9533516948
13,3.9222770465
13,4.4292919812
13,4.0803788349
13,4.3327390995
14,4.292392245
14,1.6324070606
14,4.2664991694
14,1.8563458642
14,1.9093799831
14,4.2689247325
14,4.1991130205
14,1.7054151898
14,4.7453869805
14,3.840491693
14,3.7783065104
14,1.9638214796
14,4.1535227781
14,3.7385285071
14,1.7425629186
14,3.9149785499
14,1.9446724275
14,3.5953820647
14,2.310205952
14,1.8560374746
14,4.7408350072
14,1.6250196514
14,2.0719653938
14,4.6236363232
14,4.0967083253
14,4.1481592439
14,2.064020175
14,1.7409479087
14,4.557387362
14,4.6290725023
14,4.1698271868
14,4.3844799957
14,1.6712304588
14,4.5723135298
14,4.1596866226
14,2.2436007518
14,4.3581338096
14,2.1221814056
14,3.99558046
14,2.5110181788
14,2.5708799149
14,3.5515873106
14,4.1556915566
14,4.5902767277
14,1.7673586245
14,4.0721604978
14,4.7001464869
14,4.9478908776
14,4.5707496287
14,4.0109333372
14,2.0195186233
14,3.6480689544
14,4.1933572011
14,1.7241450853
14,4.0934528684
14,1.7334241862
14,5.518079727
14,2.4416185493
14,3.9775903736
14,4.1124463219
14,4.0925546995
14,4.6437170123
14,2.176730619
14,4.179902585
14,4.0088361971
14,3.9793030186
14,4.1463403792
14,4.1285060991
14,3.9539892237
14,4.6167931703
14,2.0450729393
14,2.29466872
14,1.6325425534
14,4.2109851876
14,4.6793148269
14,3.7964434631
14,4.4990631671
14,4.7230572839
14,3.9261060352
14,3.7719450937
14,2.1063779099
14,4.491587685
14,3.5077856683
14,2.2424822645
14,4.2887053766
14,1.959473556
14,3.971467765
14,2.1329256542
14,4.4384888936
14,1.7756573443
14,1.8149597076
14,3.9141358321
14,3.9280243126
14,2.1532856391
14,4.8522915636
14,4.5094905114
14,4.2609555944
14,1.8131992191
14,3.9829084716
14,4.0958639121
14,3.5845922678
14,3.9711803001
14,2.1426433583
14,4.7061462899
14,4.0316181648
14,2.2893012565
14,4.003687573
14,2.228247315
14,4.2321735293
14,4.2639085534
14,3.9377798191
14,5.552765855
14,4.0470845743
14,1.9429637401
14,4.6918805569
14,3.7598724615
14,2.1581867873
14,1.9843301178
14,5.0992019562
14,1.8660644168
14,4.1784997954
14,4.3859153852
14,4.2444548942
14,4.6120849832
14,5.1010851607
14,4.6704293936
14,4.5740962887
14,2.079822627
14,3.8899825456
14,3.6959745733
14,1.8866985052
14,4.1953638287
14,2.0858313856
14,2.1535444954
14,4.0606745032
14,4.1020316369
14,4.1709762352
14,2.4389071278
14,2.4826947154
14,3.2629001782
14,1.9292693949
14,4.6511183248
14,4.9295974684
14,3.7673095765
14,4.2005944276
14,1.9023147546
14,2.1053417955
14,2.1292991373
14,4.6055997965
14,5.0983255649
14,4.2960444142
14,2.0754237765
14,4.5914404162
14,3.5708437615
14,3.9511456718
14,1.9954999556
14,1.9021127623
14,4.2729627847
14,4.0225127879
14,4.703285741
14,3.6231956896
14,1.9390859182
14,1.9953281996
14,3.9850468337
14,1.5377944116
14,4.8319837865
14,1.7214269389
14,4.46050547
14,4.579321663
14,3.6381896891
14,1.823172414
14,4.2583995378
14,1.8640584838
14,3.894225568
14,1.7261478301
14,5.3528123214
14,4.4129279857
14,4.2795503584
14,1.9431578626
14,1.8475906927
14,2.2758710014
14,4.0927534147
14,1.8003189992
14,4.9712884782
14,1.7464818656
14,4.6995165341
14,2.3660097857
14,4.7348447877
14,3.5741968973
14,1.6900626386
14,4.0232896015
14,3.9653754829
14,4.6398895658
14,4.6194444049
14,1.8221200142
14,4.0235007182
14,4.237442924
14,5.2911479443
14,3.8674396211
14,2.1641502191
14,1.8790637258
14,2.0650812663
14,2.0970844324
14,3.2381900976
14,2.2119100812
14,4.3459687686
14,4.9608267094
14,1.8376494294
14,1.7968360939
14,4.2199682498
14,4.4597880483
14,1.9998674667
14,4.0443456421
14,4.2810434269
14,4.5828582064
14,1.968274471
14,2.2238715232
14,4.6649717127
14,3.1877123127
14,1.9670033483
14,1.8335039704
14,4.3903897195
14,2.0792207479
14,1.9912792142
14,2.1037120363
14,4.4697506522
14,5.1004701059
14,3.8782919298
14,3.8749280977
14,2.1099697988
14,1.9495675192
14,4.7083521669
14,4.5621985242
14,4.696223159
14,2.0178932671
14,4.2428621026
14,3.7196045295
14,2.1223557081
14,3.9139839737
14,2.0475847393
14,2.0061165458
14,4.2379126919
14,4.5641355557
14,4.2871357469
14,2.1793876301
14,4.9205951494
14,4.5293981461
14,4.679388074
14,1.8210276456
14,4.0885935085
14,1.8785028303
14,4.3503923888
14,4.8539643907
14,4.7230203164
14,5.0572231907
14,4.3818134899
14,4.4663728039
14,4.1297189905
14,3.9833933939
14,4.6878756188
14,2.0462547419
14,5.1966453524
14,5.2727470885
14,2.4128908213
14,4.2871686462
14,3.7913905198
14,3.8880436049
14,4.5094664194
14,4.540583169
14,4.5744964085
14,1.7435087859
14,1.9944512595
15,2.9118895372
15,4.3814239281
15,4.5349512044
15,3.4839668157
15,5.4006378974
15,5.0417392326
15,2.257103497
15,4.8925870604
15,4.0100440848
15,2.4939901477
15,2.1644568957
15,4.0588991508
15,4.3416594838
15,4.0442268059
15,4.5519164881
15,1.8836010323
15,2.0388876916
15,4.6929120125
15,4.9925497799
15,4.2693447406
15,3.4313060518
15,3.5576436495
15,4.1790671693
15,3.9584611755
15,2.3700978005
15,4.2869598076
15,2.2794334699
15,4.5602429015
15,4.0846382994
15,1.9158380724
15,4.0889923069
15,4.1572732916
15,3.1794092022
15,1.9268769723
15,3.8207198527
15,4.5606780773
15,4.6027920428
15,4.3163613167
15,1.7777053742
15,2.1774184477
15,4.5628094102
15,4.0169058493
15,4.1681981469
15,4.649727753
15,1.8613001133
15,4.2515820303
15,4.0145979977
15,3.6046522427
15,2.3246556243
15,4.0275253255
15,4.2896285482
15,1.8634852929
15,4.0198301285
15,4.4094736151
15,1.9350664665
15,4.1964204144
15,2.2498547208
15,4.7713234393
15,1.6765307214
15,4.6230222283
15,1.7973211848
15,1.9295302056
15,2.0732076124
15,3.7045583947
15,5.1910940804
15,4.7553653244
15,3.9743580449
15,1.9566052614
15,4.4890565874
15,3.9521116177
15,1.9457732476
15,2.2025177581
15,4.0909864464
15,4.908747418
15,4.3062696721
15,1.9983368583
15,1.9836462332
15,3.9481013836
15,1.9020178896
15,5.4184768346
15,4.3480218117
15,3.8507825326
15,4.0274941532
15,4.2270820076
15,2.1391026763
15,4.0613668608
15,2.0951533656
15,4.6135832041
15,1.7856999239
15,3.500477511
15,2.1639108364
15,3.8474784188
15,2.0198544244
15,4.5094755231
15,4.3411649319
15,4.7437421904
15,2.472173977
15,4.8405773184
15,2.1259152058
15,3.8332742707
15,1.7467647231
15,4.2735274003
15,3.9465572369
15,5.2721363314
15,1.7773388692
15,4.9314529452
15,3.7834808831
15,4.3871210836
15,4.3953946644
15,1.8561499549
15,4.1986694713
15,3.8194072123
15,2.0902113973
15,2.4093229995
15,4.6035536618
15,3.4978260073
15,4.8133427622
15,4.5403668745
15,5.086439401
15,3.9632596724
15,3.9864373549
15,2.3976364157
15,1.7968739413
15,4.8851053346
15,4.5714426211
15,4.3608652355
15,4.4068466819
15,2.0066431039
15,3.88745206
15,4.353407075
15,2.0613527073
15,4.0539301953
15,3.91394231
15,1.9912686719
15,4.4511940027
15,3.4994473877
15,3.8783251855
15,4.2727482974
15,4.2970321966
15,4.2805564062
15,4.426892816
15,1.8090838987
15,4.6251213533
15,4.4272608424
15,4.4051079042
15,2.6224874147
15,1.8181716734
15,4.5835951688
15,4.7320955729
15,4.5327376891
15,4.1468388102
15,4.5613183996
15,3.9774012547
15,5.0013313692
15,4.3796917479
15,4.0722611949
15,4.6050228872
15,4.0596964694
15,1.8506341763
15,2.2540292388
15,4.0085769048
15,1.9893941703
15,2.1674489668
15,4.2538315713
15,2.1575043375
15,2.0817307266
15,3.5678058142
15,1.9160805957
15,2.0782842866
15,1.8970393811
15,3.5712107895
15,3.9084137198
15,2.0967783948
15,3.9145885565
15,5.5350531761
15,2.6062129699
15,2.2596131358
15,4.2994195559
15,3.7116893253
15,4.5478224798
15,3.9950455327
15,3.8444448502
15,1.7373033072
15,4.4025876126
15,4.1911809014
15,3.8723020483
15,2.5011638793
15,4.9322942205
15,1.7346212873
15,4.7995008087
15,1.775651535
15,3.5377432463
15,1.87076573
15,1.800627134
15,1.6182824228
15,3.8405815193
15,4.4605390024
15,4.0815727638
15,4.6691166992
15,1.6363359538
15,3.9977842031
15,4.7508274588
15,4.294960604
15,3.9707477315
15,4.6394709381
15,2.0596750548
15,4.5218186377
15,4.1411552589
15,1.7131429899
15,4.2799094704
15,2.0735160377
15,2.1813214225
15,4.4189579819
15,1.9653693518
15,4.8622191107
15,3.8491485401
15,4.924138529
15,3.8374523305
15,4.1648733316
15,3.8539022178
15,2.0619323381
15,1.8060949388
15,2.2717819526
15,4.7331142354
15,2.2108091161
15,3.7310790367
15,5.165933217
15,2.0536868693
15,1.6820108882
15,4.5558737471
15,3.0202604978
15,2.1936995676
15,4.0335175405
15,2.1828782454
15,2.3258713588
15,4.5265793372
15,2.0549939858
15,1.7421278609
15,4.221050662
15,4.7425622786
15,2.098239014
15,2.1427438018
15,4.2960273457
15,4.4523379181
15,4.5909305274
15,1.9292812644
15,4.5965208968
15,4.1018456304
15,4.2545913392
15,4.6890412856
15,2.0353396604
15,3.683223557
15,4.7911324176
15,4.5086764844
15,2.198644783
15,4.4087254688
15,4.271119261
15,4.1845458504
15,4.0300760793
15,1.8250828282
15,4.1447023121
15,4.0538470102
15,2.0093438055
15,4.0442758401
15,2.1805189554
15,3.9751139358
15,4.3538849662
15,4.2434375119
15,4.6807709898
15,3.4745726888
15,4.5940700025
15,4.1163719353
16,1.6784122895
16,1.9699084183
16,4.9373481563
16,3.8149142693
16,4.6214836567
16,2.1432253728
16,4.676258869
16,1.9275520242
16,4.304751232
16,5.0265388701
16,1.855800786
16,5.2476204065
16,4.031881149
16,2.167083527
16,1.8980922326
16,4.0002493016
16,3.7166504015
16,4.9275205375
16,3.9946627124
16,4.0880889285
16,2.1095376457
16,2.5767317504
16,3.8593969916
16,1.9432181633
16,4.7091954899
16,4.0015785427
16,3.22340106
16,1.9893387062
16,4.8786102006
16,1.8053464437
16,4.3910280396
16,1.5818479195
16,4.483603836
16,4.3009978063
16,5.0203342479
16,4.1030785
16,3.8053247326
16,4.2800294042
16,4.2154677525
16,1.9555346107
16,4.0556993808
16,2.0284548577
16,3.4004318327
16,1.8292902159
16,4.5226893118
16,4.3884770452
16,2.2713586601
16,5.3024084168
16,5.153568032
16,2.2439485359
16,4.1941284789
16,4.1752734911
16,3.8238082132
16,1.7771040896
16,4.9172602405
16,4.24160252
16,2.2975453427
16,3.6595483758
16,5.0672646031
16,4.8321439301
16,2.5336044087
16,3.3920865971
16,3.7027467823
16,5.3667442404
16,3.8064463743
16,2.0097384111
16,3.9870458524
16,3.8428079315
16,3.6013837538
16,3.9469905309
16,4.5395389697
16,1.9442010328
16,4.0334106441
16,2.0866187076
16,1.9962904
16,2.3722851804
16,4.3724239411
16,4.1296947612
16,4.4410356822
16,4.3489941058
16,4.0995367141
16,1.8813395881
16,4.0799419261
16,3.7719208618
16,1.9295498866
16,4.0929989481
16,3.4023609401
16,3.9915357917
16,4.0584824847
16,2.0252585054
16,2.0858403989
16,4.161553443
16,3.28615481
16,2.1606192156
16,4.6573113985
16,4.0330783495
16,3.6180481184
16,4.5481885369
16,4.8952546487
16,4.0087704011
16,4.6260128213
16,4.3244610264
16,2.202168022
16,1.6134843414
16,4.0460415623
16,2.1040885793
16,4.1273022867
16,5.0972963373
16,3.9512607251
16,4.6528544263
16,2.2256382101
16,4.4109921634
16,2.4956750354
16,1.520937049
16,4.6453920876
16,1.7838314656
16,2.0222571295
16,4.4938690285
16,4.2269700173
16,4.1416943225
16,2.0231869271
16,4.5049174249
16,1.9938815433
16,2.1308629581
16,1.7559982277
16,3.5293525218
16,1.7038484681
16,4.407608703
16,3.8994698068
16,4.0630818237
16,3.752246352
16,3.5161667719
16,4.2545887794
16,4.7574029826
16,4.2599487721
16,1.9929143813
16,4.915411915
16,1.8183247542
16,2.1589016831
16,4.4144414102
16,3.7135213838
16,4.3091417064
16,4.0810373741
16,4.79726738
16,1.8640822221
16,3.5294963123
16,4.0330344633
16,3.9922007861
16,4.1405637022
16,4.5114211182
16,1.9809321903
16,4.7144959524
16,3.7518734201
16,2.0796109235
16,2.1218380879
16,4.0887998177
16,4.3020641515
16,1.9348930661
16,4.2016434704
16,4.0204370056
16,4.4103318338
16,4.3372020046
16,3.4975137301
16,4.1885889668
16,2.3095676086
16,4.8234668898
16,4.5567646697
16,3.3697543776
16,4.0855123505
16,2.0886926086
16,1.9822097771
16,1.9919462581
16,5.0993275477
16,3.4714185991
16,3.7884406927
16,4.7448425534
16,3.8752848442
16,4.1262496102
16,4.3787970459
16,4.2111619558
16,2.296774077
16,2.1855609953
16,3.9240650749
16,3.886398758
16,2.2832948483
16,2.1785571577
16,1.8798495027
16,3.8114164009
16,2.3076432311
16,4.0531812373
16,4.2264723584
16,4.6623885761
16,4.5958318664
16,4.3345246246
16,3.7829641281
16,4.5924814923
16,4.0836359357
16,2.3118971822
16,4.3530420817
16,4.7153049154
16,2.0350025278
16,4.5868780621
16,4.689167876
16,4.2377007315
16,3.416619792
16,2.123860013
16,3.9831445805
16,1.7831439145
16,3.8571708439
16,1.4965896553
16,1.9411781704
16,1.9010977087
16,1.3757017579
16,3.9259730481
16,2.210207506
16,1.9442539644
16,4.6938038176
16,4.6133582946
16,2.2747142074
16,4.1274976268
16,4.6411530015
16,4.3336117988
16,2.3563740975
16,2.0899123256
16,1.8951107905
16,4.6719372162
16,1.9844234932
16,2.2790740791
16,1.8362357015
16,4.5027679714
16,1.6836546056
16,4.4835237271
16,2.0169056357
16,4.8405703468
16,4.2715644769
16,5.0880133675
16,3.9691559584
16,1.8122357584
16,4.8158259891
16,4.349443073
16,4.4981525891
16,2.0063308541
16,3.7514995809
16,1.821800473
16,4.424502009
16,3.9852144186
16,4.1916412792
16,4.5120461625
16,4.1411971878
16,1.7341533795
16,3.927696085
16,2.0079382714
16,1.9567919408
16,4.0825521095
16,4.0299758138
16,4.1807984295
16,4.6613442321
16,4.5816913515
16,3.8609591375
16,1.9653200379
16,3.5212560629
16,4.2476668287
16,3.745288728
16,2.266356203
16,4.578399876
16,4.1992240568
16,2.3103868417
16,2.2995106971
16,4.4164442922
16,3.5914474966
16,3.9366474236
16,2.0054235433
17,4.5384713883
17,2.2021822425
17,4.1597512626
17,4.7325264744
17,4.2335707146
17,1.9994065174
17,2.2256328309
17,4.3598959231
17,4.2149694046
17,2.0192211389
17,4.8859341542
17,1.8660440532
17,2.2209679936
17,4.8561043867
17,2.4173280574
17,3.8979927076
17,2.134051548
17,4.7938934135
17,2.3519770966
17,5.6409274123
17,3.542358288
17,3.8787606015
17,3.9991381346
17,4.2686355482
17,4.0408394503
17,3.8339782216
17,2.4434789536
17,2.2799358467
17,1.910624017
17,3.2755894452
17,4.148725217
17,4.7416628015
17,3.8436063825
17,4.6286835813
17,4.0532420348
17,1.9466337282
17,2.0681562248
17,1.7147313171
17,2.3427553319
17,4.2193563838
17,4.7541915574
17,4.2825005874
17,4.7744213606
17,2.1516715693
17,4.5769939897
17,1.7632430796
17,3.9181071557
17,4.7119191683
17,2.1110392454
17,4.3264613013
17,4.2674119413
17,5.0553930802
17,2.084522223
17,1.7553693034
17,1.9558672308
17,4.5498934702
17,4.6071623021
17,4.263237815
17,1.9767319168
17,1.8752794601
17,1.6514823057
17,2.2292205848
17,3.8329896128
17,3.7676881034
17,4.6886982972
17,1.869430699
17,4.3035369918
17,1.8752937782
17,4.7398194483
17,3.6854834897
17,2.3686736901
17,4.0796913953
17,1.8079058673
17,2.1375648118
17,4.616562935
17,2.0404254903
17,4.1355881729
17,4.3564759532
17,2.4427864433
17,2.4728908852
17,4.8673888289
17,3.9042360261
17,1.8962897915
17,4.4267416221
17,4.206372519
17,4.0605602219
17,4.8338061163
17,4.8629667833
17,1.8598591743
17,4.6050044578
17,1.7351114383
17,4.8713320536
17,3.5392669835
17,4.634630081
17,5.0833098593
17,3.9037512883
17,4.5723960024
17,4.0101510752
17,4.073731994
17,4.2658692192
17,2.086812523
17,2.133640928
17,3.9191375973
17,2.0672328339
17,2.585060366
17,4.4358867873
17,1.8093945782
17,2.5768443378
17,2.1898760171
17,4.212070987
17,3.639357068
17,4.1983239891
17,3.4473915737
17,3.991412704
17,2.1069379782
17,4.5536554469
17,2.1432320329
17,3.2783975584
17,4.6354799954
17,3.8206082213
17,4.8712665015
17,1.9267525542
17,2.1464975066
17,3.7957282828
17,2.6701054944
17,2.0239034967
17,2.4653346876
17,4.9684436425
17,2.0240406561
17,4.0246970423
17,2.0479739318
17,4.6745964116
17,3.5449367444
17,1.7647002112
17,1.8197515165
17,2.2081074613
17,1.8724804045
17,4.7616312349
17,1.9060406904
17,4.5167294595
17,1.9496892911
17,1.4994459109
17,2.3147286495
17,2.152726863
17,1.7349223165
17,4.3688623652
17,4.5002337572
17,2.0843756131
17,3.2828515464
17,1.9375349045
17,1.9372792352
17,4.3968980682
17,1.6977113739
17,2.5058664621
17,4.6022665293
17,2.3023490051
17,3.8883994657
17,4.0061245179
17,4.210673547
17,3.8493571664
17,2.3326058607
17,4.176473632
17,4.2114638366
17,4.6071936831
17,4.8928749615
17,2.1619206872
17,4.0666378688
17,3.7985370635
17,1.9679958416
17,2.3215967205
17,2.4839868897
17,4.1096431779
17,4.6667325165
17,3.8876389728
17,4.8868457396
17,2.3567980101
17,4.5303809344
17,4.7270335392
17,2.1364171513
17,2.1562536131
17,4.602195037
17,2.1207490146
17,4.5410280656
17,4.4218365461
17,4.2743886818
17,2.3359960147
17,3.6934767987
17,4.5327301655
17,2.152614292
17,2.1241354991
17,2.3648736263
17,2.0824546412
17,4.6002091074
17,1.9988055853
17,4.1458086185
17,3.5880820144
17,4.078247765
17,1.7130644552
17,1.9935073382
17,3.7101603639
17,2.1065807335
17,2.149767858
17,2.4394365758
17,2.2807162847
17,1.7509903452
17,3.3316662555
17,4.5315987707
17,2.2287718028
17,1.8374705444
17,4.6916719991
17,4.4649558672
17,2.0570191587
17,1.6757284073
17,3.7860166511
17,2.0059125685
17,4.414973706
17,4.1518462938
17,1.7339654455
17,2.1159304471
17,1.8752528026
17,4.5985467257
17,2.0170875347
17,4.3009905577
17,3.7157083814
17,4.1151078007
17,4.687709776
17,2.1904049585
17,5.2007849033
17,3.7665403976
17,4.0803541251
17,1.9257425121
17,4.6880674851
17,4.0496703742
17,4.3118284776
17,1.463751896
17,2.1547292665
17,4.6633196899
17,4.8309115635
17,3.5329959296
17,2.0149280708
17,4.3589726497
17,4.2954646695
17,1.8778853019
17,4.0370473749
17,4.0457290565
17,1.9893604086
17,3.9262509648
17,4.5496430742
17,3.9630966292
17,4.1003856068
17,1.8748688523
17,4.8682117015
17,1.9239927636
17,4.3298650564
17,2.0881907535
17,4.3064128286
17,2.2133398265
17,3.381929396
17,4.2462408429
17,1.7187318961
17,4.1751636504
17,4.3084059667
17,2.3601442595
17,5.0891202927
17,1.733346062
17,2.0345333908
17,4.4204754526
17,1.6408139031
17,4.1696854327
17,1.7014205479
17,1.96603873
17,4.2087598118
18,4.2011207419
18,4.3310871143
18,4.6951813064
18,1.9415297255
18,2.3222401457
18,1.9629087079
18,4.2536182312
18,4.0648902085
18,4.6348503662
18,4.5799094625
18,1.6010910911
18,1.8388397273
18,3.8149612901
18,1.9791090935
18,1.925735302
18,1.8212365801
18,2.0278596787
18,4.4951441977
18,2.1986968288
18,4.4605691963
18,4.7769976698
18,4.3084714535
18,1.9922871005
18,5.1143346633
18,4.8281842084
18,4.7327597878
18,2.0757003587
18,4.0002735501
18,4.0207469958
18,4.3490705199
18,5.2927598542
18,4.4768018492
18,4.1772588978
18,4.0133920068
18,4.1190458879
18,4.458291171
18,3.8849618459
18,4.4129099933
18,2.1974980102
18,2.3257330859
18,1.8395900527
18,3.5928041499
18,1.7434534997
18,4.6142393278
18,1.6381166558
18,4.9137282466
18,3.8766319346
18,3.8721001922
18,4.224934114
18,2.0833006829
18,3.1569424794
18,1.9942019132
18,1.9337791055
18,5.1033920358
18,4.7885445196
18,1.605283391
18,1.9686088671
18,3.6916966357
18,1.8703544483
18,3.8970353966
18,2.149258694
18,4.6364080358
18,4.0338617497
18,1.5919439172
18,2.1876999397
18,4.1223253181
18,4.6995847633
18,4.1348858482
18,3.8327354519
18,4.8781202668
18,4.6463533533
18,4.9628958689
18,4.0198878733
18,2.2857044476
18,3.5181306947
18,1.7827374772
18,2.2767382111
18,2.0755612376
18,4.4187130294
18,4.0095319342
18,2.1675304808
18,2.0802019224
18,3.4561263375
18,4.2523447209
18,4.5945086745
18,4.2095015493
18,4.290949736
18,4.3516830653
18,1.8075625099
18,2.5237117794
18,2.3429282753
18,4.9058267875
18,1.8566842341
18,4.3598208392
18,2.3060536656
18,1.7913954099
18,4.4623586395
18,4.8142467623
18,4.7865811467
18,4.6108587163
18,2.0723101997
18,1.6104386422
18,1.6919015419
18,1.7611796361
18,3.6315994558
18,1.9134431795
18,4.2091132897
18,3.8486566138
18,3.6623819333
18,3.811631462
18,4.1880873669
18,3.489399138
18,4.426727122
18,2.2435141874
18,4.877396147
18,2.1993520716
18,2.0974984266
18,4.4196356046
18,4.5933554933
18,4.7183470965
18,4.6206319058
18,1.6757863634
18,2.2700055312
18,3.9276355713
18,1.7727904713
18,4.6332524795
18,4.3537002052
18,4.0818688477
18,3.8436848642
18,4.382942657
18,5.2816735734
18,4.5929518808
18,1.443368212
18,1.8647819111
18,4.2687663866
18,3.8822462862
18,4.2043934646
18,4.2713338968
18,4.5566754386
18,3.3226887622
18,2.3322676365
18,1.594909139
18,1.9072362938
18,1.9910842518
18,2.5924106551
18,4.1826800365
18,4.0697823239
18,4.0835745058
18,2.0967676835
18,4.3293631939
18,2.2342076678
18,3.8524329852
18,4.7576439049
18,1.8767989736
18,4.0335121132
18,1.7276747497
18,2.1536699501
18,2.040634523
18,4.5932229941
18,4.4024130531
18,4.2150053609
18,4.1993731425
18,3.8827353229
18,2.0520358844
18,2.039405175
18,1.8563774599
18,3.6798359002
18,4.711520801
18,4.8028087224
18,4.3657376742
18,4.2613036324
18,4.095452725
18,1.6671599965
18,2.1832014222
18,4.4875374565
18,4.5556780661
18,2.3678422135
18,4.2554250588
18,3.6491351088
18,1.9872934903
18,3.8719931117
18,4.4788795425
18,4.1453389259
18,2.0712886371
18,4.7082725685
18,1.6335227196
18,1.3959745119
18,4.6418417505
18,3.8470320777
18,4.2585170144
18,3.9405834105
18,2.1946766709
18,3.4987391872
18,2.2964623911
18,4.5852416101
18,4.461842135
18,4.9604288825
18,4.5368981771
18,4.3797857772
18,2.2944260789
18,2.0804897443
18,1.9117365678
18,4.6852855206
18,4.1267570718
18,4.7202639191
18,1.8788103628
18,4.7319022842
18,1.4662065262
18,3.9386239586
18,2.0485225058
18,2.1083831278
18,2.4098016445
18,2.0535809245
18,4.2714656592
18,4.1605059634
18,4.1924266405
18,1.9457958544
18,4.9505575553
18,1.940924008
18,2.3150448015
18,4.5499587504
18,2.24220845
18,4.4417797383
18,1.9358295133
18,4.6552381186
18,4.8962170479
18,4.9180887082
18,2.4557942472
18,3.112252625
18,4.3357106298
18,4.2176648611
18,3.9062025497
18,3.5011954318
18,2.0826882884
18,4.0580664658
18,4.4649353851
18,4.3785411503
18,1.9385033597
18,2.0483327765
18,4.932041478
18,4.3795753666
18,4.8180612125
18,2.5429794229
18,4.8983617925
18,4.2129574014
18,2.1255774242
18,3.9939207311
18,1.9836405815
18,4.9180262405
18,2.0705378364
18,1.9444353425
18,4.5279944426
18,3.4859702603
18,3.9944583062
18,4.38617082
18,3.9803764905
18,4.6294060241
18,4.3053357091
18,4.2784020502
18,2.2841754853
18,3.6690312245
18,4.853807803
18,2.0768115239
18,3.8142166069
18,3.9823787176
18,4.4670826028
18,4.7762274649
18,1.929559928
18,4.4922248665
18,1.8689926883
18,2.2506931588
18,3.954501253
19,4.174694411
19,4.5802430739
19,4.6920328391
19,4.5446965818
19,1.9076357897
19,4.1766635497
19,2.0708509706
19,2.2189756166
19,1.9879090177
19,1.7278295584
19,4.3977781276
19,4.0900742372
19,1.6682347959
19,3.7793691828
19,1.8630983093
19,4.5471657104
19,4.4909109744
19,2.2914028466
19,1.976785967
19,4.2599813023
19,3.8200535223
19,1.7265733216
19,4.4884058733
19,1.9791044081
19,4.3281822142
19,1.8044047083
19,2.0088455481
19,3.9713533352
19,4.4041142918
19,4.7187931793
19,1.5942600073
19,3.562705706
19,2.2237192337
19,1.719533301
19,4.2198432544
19,3.4333004457
19,4.1137893891
19,4.3645808692
19,4.7360508404
19,2.0967268189
19,4.3070369326
19,4.7692836972
19,4.6368643491
19,4.1895568914
19,3.7108419784
19,2.1865925377
19,1.7878040943
19,4.0046322224
19,4.3551134096
19,4.0225442626
19,1.9750332841
19,4.5057798007
19,3.6598097278
19,2.0474774053
19,4.647276887
19,4.5397777502
19,3.3378103639
19,5.2526262091
19,3.7232166929
19,4.5649674687
19,2.2489277189
19,3.9145828263
19,1.880478172
19,1.9044288825
19,4.1359953197
19,3.7096402678
19,1.9517482433
19,2.3579214331
19,4.2942604573
19,3.9872557327
19,3.6957723833
19,1.9187017808
19,4.2510125433
19,4.3857666838
19,4.0485089555
19,3.9487359
19,1.8681991781
19,1.9551009817
19,2.2081383604
19,1.8300019248
19,1.9656656177
19,1.5537125397
19,1.6952761203
19,3.9923249606
19,3.8507091377
19,4.157643139
19,5.0236682307
19,3.6836940039
19,4.4013160171
19,2.242477021
19,1.9496707851
19,4.3393198707
19,4.2928889324
19,1.9775657174
19,2.1319838885
19,1.8855973712
19,4.1549336874
19,1.8255570267
19,4.3234321987
19,2.361698085
19,1.8207039182
19,2.0876781027
19,4.1725842609
19,2.1067455672
19,4.2607688625
19,4.1227271693
19,1.7524164786
19,2.2153750996
19,3.7843362102
19,2.7196777532
19,4.3757031484
19,2.1029389074
19,2.2545485629
19,2.2435390143
19,2.2302628266
19,2.0511421911
19,2.2206897419
19,3.86430938
19,5.1138644743
19,1.911845239
19,4.2839133858
19,4.5908386523
19,4.5725245047
19,1.7126303536
19,5.1993483035
19,4.6980666571
19,3.4933544461
19,4.2610754156
19,2.1604947124
19,4.9648355065
19,4.4412609281
19,4.3117127957
19,2.1422169898
19,2.4878886852
19,4.8485674852
19,4.249261554
19,2.135838755
19,2.5883020365
19,4.5571888473
19,1.9855240834
19,1.739377192
19,4.3270752381
19,3.5617524633
19,4.6701205858
19,2.773607709
19,2.2622555035
19,1.8580737483
19,2.0392083066
19,4.3132360593
19,4.0684895496
19,3.9624364776
19,2.1755678543
19,4.3966643464
19,2.013454196
19,2.0952793961
19,3.3756993094
19,2.4546971931
19,4.923145792
19,2.1388647993
19,2.0250650926
19,4.2663163748
19,4.5782973291
19,1.8291791014
19,1.8529814173
19,4.2969119407
19,4.3920968163
19,3.9890170488
19,4.6463580048
19,3.9202489696
19,2.1069757154
19,2.1176578682
19,2.1142247065
19,4.2721459141
19,4.0383833225
19,4.5630736931
19,4.6107291764
19,3.3465622991
19,4.3433272515
19,2.1215123526
19,1.5586233982
19,1.7665781963
19,3.9589352166
19,2.2403684688
19,1.7021693289
19,4.7754225165
19,3.6014520179
19,1.914337004
19,2.2479679525
19,4.2395931519
19,4.7730084047
19,2.1176399385
19,1.8779152639
19,1.7093970528
19,4.2493218975
19,1.9298779866
19,4.7697945165
19,4.2765688111
19,1.9056747429
19,1.9028437515
19,2.0997086718
19,3.9094308417
19,1.9921212483
19,2.1569314419
19,1.732109817
19,5.0081087927
19,1.5876377624
19,2.0262911258
19,4.7967087828
19,4.4260462357
19,1.828751239
19,2.1016222355
19,3.8208604264
19,3.9394905636
19,2.3535980986
19,1.8400807372
19,4.6071150824
19,4.7845181118
19,4.6240260678
19,4.9375162059
19,4.7994810054
19,4.7501806678
19,4.3611146378
19,4.1537422499
19,4.626898011
19,3.4140386099
19,4.3341472693
19,3.7033132443
19,1.9441960265
19,3.9414475822
19,4.6094609505
19,2.0269975774
19,1.9085611645
19,4.4248302235
19,5.0315072066
19,3.6680351258
19,4.2971316176
19,3.8760091424
19,1.9964944445
19,1.7519554826
19,1.7992855357
19,1.3398398021
19,4.4369485026
19,4.5043120472
19,1.9028325868
19,4.1186744955
19,4.3111897152
19,4.513206422
19,2.1541551773
19,4.3766623633
19,2.4027778294
19,4.5178215377
19,4.2940682283
19,1.7565331158
19,3.5989430563
19,3.5283207466
19,4.1165236702
19,4.0307739867
19,4.6128705189
19,4.4663255254
19,1.8738029538
19,4.0776829622
19,4.1932758738
19,4.4472830764
19,2.0470142453
19,1.8299137491
19,3.7601572897
19,4.0798631702
19,4.8812534388
19,4.4061078984
19,4.2551596364
19,3.6929805104
19,3.8937054247
20,2.052281051
20,3.378903431
20,2.5093410398
20,3.9661047228
20,4.3389006078
20,2.0439438142
20,4.6606949365
20,1.9233994652
20,4.8508748183
20,4.2467852916
20,4.6158206543
20,3.5853129061
20,4.8310458895
20,1.8016212358
20,5.3984051164
20,4.1479813845
20,3.8085335382
20,1.7515232189
20,4.5069509358
20,1.8980482032
20,1.9818696208
20,5.0714057548
20,4.9357875584
20,3.5585278143
20,4.3939782858
20,4.6179528665
20,5.2335958602
20,1.7896500908
20,5.2958070989
20,4.3975685052
20,4.1390523395
20,3.8814534091
20,3.7602770078
20,4.285997275
20,1.9329472304
20,4.082975036
20,1.7263991373
20,1.8791385818
20,1.9208690891
20,1.7566656607
20,2.2889309037
20,4.3564505058
20,4.0922895459
20,4.8195885904
20,4.4091654136
20,2.1787835474
20,4.7007765265
20,4.5004529079
20,1.6494803521
20,4.1906089036
20,4.5967559159
20,1.8933240655
20,1.9958438536
20,4.6239214019
20,1.926408242
20,4.5992426222
20,4.7492861801
20,4.6198360969
20,2.1130351659
20,1.9513591
20,2.0162470634
20,3.6777100836
20,4.8784323963
20,4.4158233642
20,3.780905579
20,4.1499512988
20,4.0883336271
20,2.3592196972
20,3.7872244106
20,1.9620510177
20,1.9798121295
20,4.0656815288
20,4.5062603277
20,2.1230334345
20,1.9451834564
20,3.8179956142
20,4.7700005326
20,4.2448232565
20,3.9178915655
20,4.0731896657
20,4.1561939703
20,3.761723181
20,3.733709404
20,4.0069924972
20,4.0833828205
20,3.5786228229
20,4.584605431
20,1.6799538081
20,2.2737041473
20,4.2081019611
20,3.5946304879
20,4.6953453785
20,4.5070305028
20,2.2432818137
20,4.9402271583
20,5.2613231158
20,4.5547656564
20,4.3383727344
20,4.7596510977
20,4.2579652733
20,3.7468565285
20,4.890000993
20,1.8222654397
20,4.2174331689
20,4.4912366475
20,2.2163507535
20,4.8937290018
20,3.9351514148
20,4.887836996
20,3.8117447723
20,1.7923348949
20,4.5451933548
20,4.4235743306
20,4.1999654464
20,2.036868886
20,4.6868948391
20,4.2807206756
20,3.8676461584
20,3.9845163458
20,1.7986337288
20,3.8561927765
20,4.5843404975
20,4.5057878618
20,4.2664495434
20,4.3336480796
20,2.1944595998
20,2.4193318284
20,4.3216247516
20,4.8339352916
20,3.7693631733
20,1.8912274296
20,4.7722758261
20,2.3847317872
20,3.5314154367
20,4.423660383
20,1.8938173814
20,4.5264336215
20,4.6250343097
20,4.2163208207
20,2.0949886887
20,1.8814964497
20,3.7032255062
20,1.8567460569
20,4.1715831803
20,2.1617459209
20,1.9025378807
20,2.124233983
20,4.1214779414
20,2.0212265109
20,3.9939787832
20,4.2145836147
20,4.6694925468
20,2.4173844604
20,1.8713500354
20,5.0734241782
20,4.0215088628
20,3.129283756
20,3.6344342305
20,3.8903001407
20,4.3547180467
20,4.5025785966
20,2.1114533472
20,3.6472557211
20,2.0975182244
20,4.8894259268
20,2.3196785766
20,3.6158121792
20,4.4084019536
20,4.5343810418
20,1.5588772609
20,4.2139154539
20,4.5127590723
20,4.0191121772
20,4.3141053232
20,5.7168859837
20,3.7084040629
20,2.4275277062
20,4.6380473214
20,3.8846984452
20,2.1586305801
20,4.572477316
20,1.9565608552
20,1.9310830026
20,3.4682292218
20,4.338706606
20,4.2649999292
20,4.5357032206
20,4.4160549342
20,4.1087560808
20,3.9636237476
20,4.6483604003
20,1.9473256131
20,3.9280128766
20,5.0783182555
20,4.0702327457
20,3.9939308202
20,4.2963030989
20,1.7667526448
20,2.1403624598
20,2.2152562599
20,4.0670839371
20,2.1909017401
20,4.1483209636
20,1.9989265834
20,4.6257446753
20,4.9895257212
20,4.223386321
20,5.0416430199
20,4.1124019181
20,4.3409974709
20,1.7756384622
20,4.5367550091
20,4.5434864398
20,1.9266585462
20,4.0557112374
20,4.3198619214
20,1.952767246
20,4.8981796666
20,1.9816299984
20,4.4574492554
20,3.9959080343
20,2.0658562206
20,4.2776218213
20,2.3778463094
20,4.2759813848
20,3.4952144466
20,3.4674170706
20,3.6763023523
20,3.7164297926
20,1.7751546653
20,3.8255665662
20,2.4407110979
20,4.4811187088
20,4.2986703013
20,4.1081848155
20,1.3575093644
20,2.1464012296
20,4.8303347961
20,2.5221040532
20,4.0634106559
20,4.7816808431
20,3.1609985062
20,4.7370660548
20,1.9980503545
20,2.1023438564
20,3.6600144472
20,4.9027979608
20,2.1561782769
20,1.6482643726
20,3.9308461047
20,2.584393981
20,4.9036611942
20,2.0599993821
20,5.5627049225
20,4.3741178323
20,4.2299028405
20,3.6974332656
20,4.4169550937
20,3.714465403
20,4.4023956779
20,4.8627459864
20,3.7489876257
20,3.9152452146
20,4.8549047387
20,2.2215204376
20,5.4322189776
20,4.7462346489
20,1.8029072187
20,4.5858485746
20,4.3083212603
20,4.0342750084
20,3.925691823
