"estacion","lon","lat"
1,-69.94,-4.19
2,-75.14,6.38
3,-75.88,5.69
4,-75.15,7.07
5,-76.65,7.83
6,-76.43,8.85
7,-75.55,6.32
8,-75.91,6.73
9,-75.62,6.05
10,-76.03,6.76
11,-76.72,7.82
12,-76.67,7.77
13,-74.94,7.81
14,-76.08,5.88
15,-75.92,6.04
16,-75.4,6.45
17,-75.65,5.8
18,-76.2,6.78
19,-75.8,5.59
20,-75.32,5.89
21,-75.59,6.22
22,-76.49,7.33
23,-76.67,8.54
24,-75.24,6.21
25,-74.41,6.47
26,-74.72,7.01
27,-75.43,6.17
28,-75.41,6.13
29,-75.04,6.16
30,-75.1,5.96
31,-74.84,6.48
32,-75.25,6.31
33,-75.56,6.78
34,-75.15,6.54
35,-74.85,5.86
36,-75.69,5.72
37,-75.67,7.04
38,-76.16,6.36
39,-76.14,6.3
40,-75.44,7.16
41,-74.8,6.77
42,-70.74,7.07
43,-71.89,6.95
44,-71.75,6.46
45,-81.36,13.36
46,-81.73,12.54
47,-75.05,10.83
48,-74.95,10.45
49,-74.78,10.92
50,-75.52,10.45
51,-74.85,10.06
52,-74.85,9.28
53,-75.26,10.04
54,-73.93,7.48
55,-74.06,7.97
56,-74.84,9.73
57,-72.58,6.33
58,-73.94,5.51
59,-73.1,5.03
60,-72.94,5.96
61,-72.5,6.55
62,-72.47,6.19
63,-73.06,5.9
64,-73.07,5.8
65,-72.38,6.41
66,-72.55,6.25
67,-73.32,4.97
68,-73.14,5.19
69,-72.89,5.78
70,-73.45,5.35
71,-74.18,5.66
72,-73.16,5.97
73,-73.12,5.75
74,-72.72,5.41
75,-74.57,5.98
76,-74.18,5.52
77,-73.35,5.42
78,-73.76,5.7
79,-73.5,5.51
80,-73.6,5.71
81,-72.7,6.12
82,-72.53,6.01
83,-72.97,5.68
84,-73.45,5.02
85,-73.36,5.54
86,-73.54,5.66
87,-75.34,5.58
88,-75.8,5.28
89,-75.47,5.03
90,-75.44,5.03
91,-75.38,5.37
92,-74.99,5.42
93,-75.81,1.3
94,-75.16,1.64
95,-75.56,1.59
96,-75.66,1.5
97,-75.96,1.33
98,-74.79,1.74
99,-75.24,0.74
100,-75.7,1.2
101,-72.55,5.18
102,-71.43,4.91
103,-71.89,5.88
104,-72.17,5.82
105,-71.67,5.42
106,-72.92,4.65
107,-72.39,5.32
108,-77,1.83
109,-76.89,1.75
110,-76.56,2.58
111,-77.89,2.57
112,-76.16,2.24
113,-76.75,2.19
114,-77.19,1.91
115,-76.35,3.27
116,-76.22,3.25
117,-77.05,2.15
118,-76.53,2.67
119,-76.61,2.45
120,-76.41,3.26
121,-76.67,1.9
122,-76.56,3.08
123,-76.61,2.25
124,-76.29,2.51
125,-73.6,8.23
126,-73.27,9.85
127,-73.25,10
128,-73.24,9.69
129,-73.59,9.36
130,-73.64,8.61
131,-73.13,10.27
132,-73.25,10.44
133,-73.32,10.36
134,-73.65,9.9
135,-73.55,10.19
136,-77.4,6.22
137,-76.58,5.51
138,-76.68,4.9
139,-77.5,5.57
140,-76.64,5.69
141,-76.75,5.63
142,-75.16,8.3
143,-75.62,9.15
144,-75.58,8.91
145,-75.89,9.3
146,-75.84,9.25
147,-75.4,8
148,-75.83,8.83
149,-75.97,8.66
150,-75.88,8.41
151,-75.63,8.18
152,-75.58,8.4
153,-75.5,8.74
154,-75.95,9.37
155,-76.2,8.01
156,-74.53,4.58
157,-74.44,4.77
158,-74.44,4.81
159,-74.15,4.71
160,-74.15,4.66
161,-74.05,4.8
162,-73.98,4.58
163,-73.7,5.12
164,-73.73,5.47
165,-73.65,4.83
166,-73.87,4.88
167,-74.46,4.84
168,-74.7,4.56
169,-74.31,4.9
170,-74.21,4.69
171,-74.14,5.14
172,-74.49,4.19
173,-73.3,4.38
174,-74.31,4.31
175,-74.65,5.47
176,-74.19,4.51
177,-73.96,4.82
178,-74.2,4.79
179,-74.03,4.48
180,-74.35,5.48
181,-67.92,3.87
182,-72.64,2.37
183,-70.53,2.8
184,-72.65,2.55
185,-75.71,2.28
186,-75.32,2.52
187,-75.74,2.08
188,-75.08,3.13
189,-75.3,2.7
190,-75.42,2.71
191,-75.42,2.6
192,-74.7,3.59
193,-75.53,2.25
194,-75.63,2.65
195,-75.67,2.66
196,-75.89,2.38
197,-75.29,2.95
198,-75.53,3.1
199,-75.07,2.94
200,-75.44,2.91
201,-76.13,1.82
202,-76.29,1.89
203,-75.59,2.94
204,-75.83,1.87
205,-75.07,3.01
206,-75.11,3.37
207,-75.18,3.33
208,-75.25,3.18
209,-72.62,11.14
210,-73.41,11.25
211,-72.36,11.22
212,-72.92,11.53
213,-71.98,12.22
214,-71.83,11.69
215,-73.02,10.57
216,-74.21,10.99
217,-73.97,9.05
218,-74.51,10.51
219,-74.32,9.68
220,-74.27,9.3
221,-74.23,11.13
222,-73.93,11.09
223,-74.05,11.11
224,-74.2,10.72
225,-74.15,10.76
226,-72.95,4.47
227,-73.36,4.3
228,-73.7,3.37
229,-73.79,2.18
230,-74.02,3.53
231,-74.04,3.38
232,-71.34,4.57
233,-73.37,3.27
234,-73.35,3.63
235,-73.62,4.16
236,-73.47,4.06
237,-73.58,4.08
238,-73.75,3.12
239,-77.68,0.86
240,-78.09,1.25
241,-78.14,1.67
242,-77.29,1.39
243,-77.47,1.18
244,-77.45,1
245,-77.28,1.16
246,-77.16,1.16
247,-77.3,1.2
248,-77.3,0.8
249,-77.63,0.93
250,-77.58,1.37
251,-77.03,1.54
252,-77.27,1.55
253,-77.39,1.11
254,-78.73,1.82
255,-78.7,1.55
256,-77.64,1.07
257,-73.22,8.09
258,-73.05,7.74
259,-73.34,8.47
260,-72.51,7.93
261,-72.57,7.85
262,-72.47,8.17
263,-73.24,8.22
264,-73.36,8.32
265,-73.32,8.24
266,-72.65,7.37
267,-72.53,7.57
268,-72.48,7.58
269,-72.83,7.77
270,-72.8,8.08
271,-72.75,7.21
272,-73.29,8.44
273,-72.12,7.01
274,-76.96,1.2
275,-76.65,1.16
276,-74.67,-0.06
277,-74.78,-0.18
278,-75.85,0.13
279,-76.93,1.17
280,-76.57,0.84
281,-76.62,1.03
282,-75.77,4.45
283,-75.74,4.82
284,-75.88,4.88
285,-76.03,5.23
286,-75.58,4.84
287,-75.97,5.08
288,-73.91,5.76
289,-73.81,7.03
290,-73.77,6.86
291,-72.7,6.52
292,-72.68,6.85
293,-72.71,6.84
294,-73.15,6.27
295,-73.37,6.36
296,-73.95,6.31
297,-73.51,6.7
298,-73.34,5.94
299,-73.42,6.24
300,-73.81,6.22
301,-73.18,7.12
302,-72.97,6.47
303,-73.29,6.55
304,-73.2,6.53
305,-74.06,6.65
306,-73.79,7.25
307,-73.54,7.46
308,-72.99,7.37
309,-72.87,7.19
310,-73.67,6
311,-73.28,6.79
312,-75.35,9.53
313,-75.28,9.33
314,-75.39,9.32
315,-75.04,9.16
316,-74.77,4.78
317,-74.9,5
318,-75.54,3.46
319,-75.42,4.44
320,-75.52,4.34
321,-75.58,3.65
322,-75.5,3.72
323,-75.12,3.77
324,-74.91,3.53
325,-75,4.23
326,-74.96,4.19
327,-74.8,4.28
328,-74.98,4.01
329,-74.73,5.26
330,-75.14,4.42
331,-75.2,4.43
332,-74.89,4.86
333,-74.89,5.21
334,-74.91,5.3
335,-75.11,3.57
336,-74.92,3.79
337,-74.77,3.9
338,-74.9,3.99
339,-75.63,3.53
340,-75.42,4.21
341,-75.02,3.86
342,-75.49,3.91
343,-75.09,4.71
344,-75.13,4.7
345,-75.1,4.22
346,-75.12,5.03
347,-76.99,3.82
348,-76.03,4.24
349,-76.07,3.73
350,-76.3,3.36
351,-76.06,4.53
352,-76.43,3.63
353,-76.31,3.51
354,-75.83,4.19
355,-76.22,4.09
356,-75.89,4.03
357,-76.17,4.03
358,-70.24,1.26
359,-69.8,4.49
360,-70.93,4.55
361,-67.49,6.18
