divipola,n,x,p
18247,452,3.55752212389381,244.004424778761
63001,5452,4.78503301540719,270.643800440205
05034,808,3.11633663366337,252.70297029703
05088,10024,4.49421388667199,253.555865921788
76520,5524,4.17451122375091,264.027878349022
73001,12578,4.59453013197647,261.139926856416
41001,7250,4.72331034482759,268.248827586207
23001,11110,4.39153915391539,257.828802880288
76001,30042,4.11384062312762,251.326542840024
05789,306,3.03921568627451,238.745098039216
11001,142082,4.87286215002604,270.936628144311
70429,792,3.31565656565657,210.924242424242
44847,1954,2.78607983623337,195.447287615148
76248,910,3.62857142857143,245.830769230769
41791,596,3.15436241610738,235.510067114094
70670,1260,3.1015873015873,223.009523809524
05854,178,3.04494382022472,234.359550561798
05604,688,3.2703488372093,210.470930232558
20550,456,3.43859649122807,227.421052631579
85001,4714,4.30844293593551,258.965634280866
86320,922,3.28199566160521,233.386117136659
68397,84,2.47619047619048,254.547619047619
08758,13314,4.42586750788644,243.395523509088
50001,11082,4.71683811586356,260.780905973651
23855,928,3.30818965517241,218.8125
13430,2888,3.84556786703601,230.806094182826
66001,9580,4.40814196242171,261.251565762004
23417,2822,3.975194897236,234.784549964564
05591,310,3.52903225806452,244.154838709677
52356,2784,3.66379310344828,266.087643678161
18592,340,3.11764705882353,227.164705882353
15001,4700,5.25531914893617,287.42085106383
68276,5046,4.85612366230678,282.562822037257
05440,1428,4.0672268907563,263.399159663866
05045,3150,4.56634920634921,237.349841269841
05051,890,3.08314606741573,213.406741573034
70742,500,3.464,238.152
52573,172,3.72093023255814,273.883720930233
27001,2898,4.83574879227053,222.64044168392
52215,286,2.98601398601399,256.713286713287
44001,4810,4.62702702702703,235.169230769231
15753,194,4.94845360824742,268.288659793814
05736,692,3.60115606936416,216.812138728324
19807,670,3.37313432835821,249.032835820896
15822,106,2.39622641509434,252.207547169811
76147,2628,3.84855403348554,252.724505327245
19418,194,2.97938144329897,180.824742268041
73226,162,3.18518518518519,231.530864197531
05001,50504,4.45228100744496,251.757405354031
05360,5256,4.50228310502283,261.838660578387
54498,2192,4.13777372262774,268.387773722628
41006,692,2.84682080924856,245.537572254335
41319,466,2.91845493562232,234.326180257511
44430,4028,3.83217477656405,228.670804369414
19513,228,4.24561403508772,205
41770,450,3.00888888888889,233.368888888889
76306,572,4.17482517482518,259.72027972028
73504,654,3.01834862385321,217.247706422018
05212,1814,4.59536934950386,262.927232635061
19075,266,2.42105263157895,232.383458646617
66318,338,2.97633136094675,229.597633136095
17001,7428,4.57485191168551,268.147819063005
68001,11762,4.80071416425778,281.087230062914
05837,3296,3.84405339805825,215.398058252427
76126,420,3.61428571428571,263.276190476191
08001,28286,4.88467793254614,254.851587357704
68368,64,3.125,251.40625
47798,332,3.23493975903614,211.415662650602
20032,378,3.89417989417989,222.687830687831
54001,16640,4.27223557692308,265.4453125
47460,340,2.96470588235294,216.041176470588
05125,272,2.33823529411765,210.029411764706
81736,1222,3.5253682487725,250.56464811784
73319,696,3.46551724137931,221.241379310345
47745,372,3.16129032258065,205.854838709677
81001,2132,4.16885553470919,240.750469043152
52001,8314,4.23646860716863,273.633389463555
70713,1040,3.04807692307692,208.598076923077
27205,378,3.88359788359788,207.772486772487
76275,1190,3.87394957983193,252.605042016807
19355,552,2.90942028985507,235.163043478261
76892,1908,3.84800838574424,247.01677148847
66572,252,3.51587301587302,193.793650793651
68755,1120,4.25178571428571,261.205357142857
17380,1300,3.98923076923077,248.093846153846
13473,428,2.94859813084112,208.327102803738
19100,736,2.66032608695652,227.41847826087
47001,12166,4.77872760151241,244.763274699984
05266,3842,5.95471108797501,283.418532014576
41298,1918,3.63086548488008,249.696558915537
20045,358,4.07821229050279,232.402234636872
19256,738,3.02710027100271,230.308943089431
66594,782,2.97442455242967,234.76726342711
05172,1300,3.78615384615385,228.555384615385
27361,788,4.2258883248731,224.989847715736
05318,818,3.81418092909535,254.591687041565
70708,1344,3.16666666666667,223.13244047619
18479,64,3.53125,213.6875
20175,786,3.264631043257,218.035623409669
15572,1300,3.81384615384615,241.996923076923
41357,228,3.05263157894737,240.333333333333
86001,1386,4.19047619047619,252.904761904762
41020,318,3.15723270440252,265.301886792453
23500,708,3.38418079096045,227.059322033898
73217,560,2.925,203.646428571429
15480,164,3.18292682926829,246.463414634146
05390,142,3.45070422535211,239.887323943662
73067,292,2.89041095890411,216.979452054795
50150,354,3.64971751412429,243.101694915254
05129,1446,4.25034578146611,257.156293222683
05642,208,2.41346153846154,238.153846153846
70235,548,3.19343065693431,238.759124087591
15104,98,2.46938775510204,253.081632653061
63401,782,3.61125319693095,241.813299232737
05480,258,3.2015503875969,213.527131782946
41378,224,2.9375,273.205357142857
70215,1848,4.42748917748918,257.678571428571
81300,474,3.44725738396624,243.915611814346
50124,96,3.97916666666667,233.8125
85225,162,2.82716049382716,248.382716049383
41551,2950,3.78372881355932,271.768813559322
68547,3788,4.21541710665259,271.58606124604
76109,6150,4.45821138211382,221.153821138211
15776,96,2.625,251.333333333333
76616,300,3.00666666666667,233.686666666667
41206,88,2.72727272727273,249.113636363636
85440,828,3.8719806763285,247.81884057971
76834,4264,4.3672607879925,260.346622889306
76233,660,3.32424242424242,231.869696969697
23660,2460,3.66747967479675,250.975609756098
05361,460,2.74347826086957,209.317391304348
73449,870,4.27816091954023,244.862068965517
05376,1300,4.28153846153846,269.233846153846
25754,14544,4.33209570957096,259.517464246425
05284,430,3.38139534883721,238.427906976744
73461,60,2.53333333333333,241.7
19001,5742,4.18843608498781,261.050156739812
50350,214,2.8785046728972,233.710280373832
50711,374,2.97326203208556,233.406417112299
68500,284,3.5,261.528169014085
05250,1322,3.19515885022693,216.727685325265
25214,1620,6.67283950617284,303.946913580247
70230,86,3.55813953488372,212.395348837209
18029,94,3.21276595744681,232.957446808511
05483,166,2.69879518072289,227.746987951807
13468,1152,3.79166666666667,219.894097222222
50313,1800,3.84111111111111,251.688888888889
15162,72,3.61111111111111,272.972222222222
08421,574,3.54006968641115,214.947735191638
23807,2180,3.20642201834862,234.173394495413
50006,1786,4.31354983202688,263.734602463606
05792,82,2.87804878048781,249.09756097561
05021,82,3.1219512195122,224.560975609756
52227,964,2.81742738589212,237.313278008299
19693,166,2.60240963855422,224.734939759036
73283,660,3.27575757575758,250.842424242424
20001,10646,4.74149915461206,256.537291001315
68867,20,4,270.5
05209,400,2.395,216.27
23419,348,2.81034482758621,217.666666666667
41807,528,3.07954545454545,243.598484848485
76736,696,3.75287356321839,256.005747126437
70771,426,2.95305164319249,220.657276995305
05425,180,3.28888888888889,240.411111111111
54250,412,2.38834951456311,220.529126213592
18205,166,3.2289156626506,218.602409638554
08433,2722,3.97134459955915,236.288758265981
23162,2604,4.14439324116743,245.096006144393
23686,1006,3.7117296222664,236.155069582505
05667,256,3.65625,246.6796875
15531,146,2.82191780821918,237.72602739726
86760,112,2.67857142857143,219.571428571429
19532,630,2.97777777777778,221.730158730159
19130,696,2.41379310344828,227.985632183908
19137,758,2.94986807387863,209.279683377309
20011,2386,3.74601844090528,240.77870913663
05364,302,3.21854304635762,248.258278145695
15759,3806,4.78822911192853,280.167630057804
68077,870,3.89655172413793,254.519540229885
41668,646,3.08978328173375,248.752321981424
70820,618,3.82847896440129,238.838187702265
47551,766,3.6266318537859,228.947780678851
63130,1328,4.10090361445783,263.028614457831
05686,1002,4.50698602794411,261.383233532934
41615,604,3.8112582781457,266.619205298013
19110,442,3.24886877828054,204.773755656109
05138,396,2.97979797979798,226.282828282828
18753,900,3.00444444444444,230.906666666667
19300,316,4.12025316455696,200.177215189873
25175,3136,5.25127551020408,278.167729591837
15180,52,2.92307692307692,252.923076923077
05631,1434,5.45327754532775,278.634588563459
25740,836,4.2511961722488,252.614832535885
05079,1070,3.54579439252336,235.785046728972
76895,868,4.18433179723502,237.672811059908
05234,464,2.87931034482759,214.659482758621
41359,824,2.43932038834951,241.196601941748
97001,670,2.96716417910448,217.170149253731
76890,262,3.64885496183206,246.580152671756
47030,338,3.52662721893491,206.047337278107
54385,230,2.46086956521739,234.04347826087
76869,206,3.60194174757282,233.310679611651
20250,772,3.73316062176166,222.89378238342
05887,980,3.91428571428571,253.997959183673
41396,1378,3.23367198838897,242.031930333817
91001,1140,3.77543859649123,223.238596491228
68669,252,3.04761904761905,249.944444444445
05147,1082,3.75046210720887,232.990757855823
05495,338,3.18934911242604,213.739644970414
15646,444,2.98198198198198,265.256756756757
76670,342,3.42105263157895,241.853801169591
23189,1422,3.38396624472574,233.177215189873
19780,376,2.98404255319149,205.457446808511
68679,1942,4.0659114315139,259.616889804325
23168,390,3.44615384615385,221.841025641026
23079,484,3.16942148760331,216.285123966942
70265,220,3.22727272727273,219.445454545455
05895,652,3.14110429447853,205.779141104294
81794,1264,3.68512658227848,244.76582278481
18001,3554,4.31007315700619,253.751266178953
05490,1442,3.10402219140083,210.377253814147
05541,472,3.44491525423729,238.122881355932
73547,100,3.4,238.98
85410,644,4.07763975155279,253.627329192547
73268,1498,4.34178905206943,243.487316421896
23300,352,3.3125,223.5625
05380,1388,5.4985590778098,270.693083573487
76364,2504,4.34664536741214,255.142971246006
70233,238,3.40336134453782,237.714285714286
15185,116,2.6551724137931,239.362068965517
73483,394,3.57360406091371,223.659898477157
05002,350,3.05142857142857,255.794285714286
41799,230,2.88695652173913,238.365217391304
08078,1286,4.40590979782271,238.597200622084
76400,748,3.6524064171123,250.548128342246
15638,104,3.40384615384615,240.769230769231
76497,142,3.11267605633803,215.774647887324
23068,918,3.60348583877996,218.095860566449
54518,986,4.78296146044625,290.30831643002
18460,148,2.83783783783784,211.540540540541
63548,186,4.05376344086022,252.924731182796
13001,24320,4.68922697368421,240.286019736842
13052,1810,3.96685082872928,222.266298342541
19450,302,3.11258278145695,222.807947019868
17777,702,3.11680911680912,225.321937321937
54128,182,2.76923076923077,235.549450549451
86568,1290,3.48682170542636,239.452713178295
73352,256,3.65625,243.03125
05040,552,2.47826086956522,198.141304347826
41244,108,3.48148148148148,255.277777777778
05093,364,2.36813186813187,213.395604395604
73671,282,3.58156028368794,222.560283687943
15814,214,3.2803738317757,251.616822429907
13836,2102,4.94671741198858,253.568981921979
27787,422,3.46445497630332,197.075829383886
54820,382,3.01570680628272,244.324607329843
25799,722,5.43490304709141,283.95567867036
19050,310,2.60645161290323,233.393548387097
41524,740,4.5,258.772972972973
05237,360,3.28333333333333,244.594444444444
15681,128,2.953125,234.109375
94001,512,3.4140625,236.50390625
17042,594,2.97306397306397,246.299663299663
19473,492,2.67479674796748,219.869918699187
27800,178,3.8314606741573,210.247191011236
50370,222,2.36036036036036,221.576576576577
41518,186,3.47311827956989,249.043010752688
63470,700,3.51428571428571,241.965714285714
50270,164,3.37804878048781,232.853658536585
15238,3356,4.88379022646007,282.913587604291
23466,2002,3.75724275724276,244.226773226773
54344,114,2.68421052631579,232.912280701754
05576,190,3.02105263157895,238.031578947368
05861,246,3.40650406504065,222.121951219512
50680,220,3.75454545454545,234.345454545455
47318,656,3,220.259146341463
05847,748,2.98663101604278,224.197860962567
25307,2318,4.9792924935289,250.918895599655
20614,278,3.66906474820144,243.079136690648
70001,6998,4.45212917976565,254.406973420977
15516,762,4.63517060367454,295.816272965879
68406,1014,3.37475345167653,256.960552268245
19743,644,2.72049689440994,219.754658385093
13744,280,3.34285714285714,233.442857142857
05368,280,3.30714285714286,247.542857142857
17013,480,2.82916666666667,262.4625
25286,2600,4.94615384615385,268.35
27077,226,3.27433628318584,194.840707964602
76606,408,3.53921568627451,244.333333333333
25386,614,4.27035830618893,266.71335504886
76563,846,3.77777777777778,249.822695035461
76403,254,3.51968503937008,229.779527559055
63302,166,3.1566265060241,237.710843373494
15183,230,3.12173913043478,232.304347826087
41503,282,2.65248226950355,245.574468085106
05856,92,3.19565217391304,230.521739130435
13549,580,2.92758620689655,204.989655172414
41797,226,3.61946902654867,242.106194690266
70523,350,2.72,213.331428571429
13655,192,3.4375,205.916666666667
05313,140,2.92857142857143,248.6
05649,450,3.23555555555556,232.031111111111
17662,444,3.07657657657658,246.292792792793
05150,80,4.65,226.725
19824,338,2.47337278106509,219.284023668639
25899,2724,4.84508076358297,276.867841409692
05240,204,2.58823529411765,226.980392156863
19548,760,3.13421052631579,237.939473684211
20770,408,3.07352941176471,246.936274509804
18785,84,3.16666666666667,227.476190476191
15632,282,3.52482269503546,248.964539007092
85010,860,3.85348837209302,260.513953488372
41013,160,3.0375,245.5125
05030,566,3.28268551236749,234.402826855124
70110,204,3.77450980392157,229.323529411765
05154,2218,3.84670874661858,244.700631199279
05042,516,3.29457364341085,231.492248062016
19142,696,3.66379310344828,216.795977011494
76113,440,3.94545454545455,238.063636363636
86571,214,2.64485981308411,229.654205607477
23672,626,3.6741214057508,218.715654952077
15764,236,4.02542372881356,275.177966101695
05308,1112,4.2589928057554,253.446043165468
85279,38,4.05263157894737,245.21052631579
23182,1010,3.51683168316832,250.661386138614
85139,290,3.63448275862069,244.441379310345
66045,276,2.91304347826087,227.557971014493
54670,94,2.5531914893617,226.170212765957
27495,106,3.39622641509434,189.11320754717
15380,58,4.03448275862069,258.689655172414
73055,232,3.47413793103448,227.405172413793
76130,1584,3.8989898989899,244.92297979798
25377,742,5.44743935309973,284.380053908356
19573,820,4.54146341463415,210.473170731707
86749,502,4.0597609561753,251.003984063745
05113,148,2.37837837837838,223.243243243243
41483,178,3.20224719101124,227.258426966292
05890,556,2.99640287769784,213.276978417266
05756,684,3.06432748538012,236.640350877193
68615,586,3.12969283276451,240.498293515358
05282,312,3.50641025641026,239.435897435897
18410,188,2.70212765957447,234.159574468085
63111,48,3.08333333333333,240.208333333333
05652,88,3.40909090909091,238.909090909091
27025,192,3.34375,177.59375
19517,516,2.77131782945736,211.674418604651
19318,554,3.71480144404332,194.765342960289
05190,170,3.75294117647059,243.411764705882
73616,428,3.01869158878505,218.953271028037
73200,154,3.50649350649351,218.714285714286
05197,294,3.3265306122449,249.190476190476
13188,270,3.82962962962963,221.666666666667
25875,564,4.02836879432624,249.276595744681
15204,180,4.54444444444444,267.755555555556
70204,160,3.3375,231.45
15407,356,3.79775280898876,274.73595505618
23555,1792,3.63839285714286,230.602678571429
63690,204,4.6078431372549,275.127450980392
70400,300,3.74666666666667,240.073333333333
76243,184,2.80434782608696,237.010869565217
15224,126,2.47619047619048,252.460317460318
76020,282,2.82978723404255,225.666666666667
76828,374,3.48663101604278,237.898395721925
86757,438,3.04566210045662,223.036529680365
41548,316,2.88607594936709,237.613924050633
05660,256,3.3125,237.359375
47189,2448,4.27369281045752,222.364379084967
52233,182,2.76923076923077,236.802197802198
05674,402,3.12437810945274,244.47263681592
50568,750,3.352,224.104
73236,174,3.5632183908046,239.402298850575
15367,98,2.85714285714286,256.918367346939
73770,50,4.28,238.32
76100,238,3.60504201680672,252.436974789916
13600,150,3.46666666666667,207.12
17174,876,3.78995433789954,251.995433789954
05120,622,2.85209003215434,214.048231511254
73624,588,2.91496598639456,226.02380952381
08560,440,3.25909090909091,215.722727272727
70678,442,2.76018099547511,206.0407239819
15806,180,3.67777777777778,276.277777777778
23580,906,3.14128035320088,223.682119205298
81065,796,3.33668341708543,234.469849246231
52480,76,3,251.894736842105
50226,588,3.87755102040816,253.448979591837
47288,2010,3.89651741293532,229.092537313433
05670,526,3.17110266159696,224.300380228137
19821,694,2.54178674351585,203.688760806916
15368,86,3.27906976744186,259.232558139535
70823,462,3.13852813852814,227.363636363636
50400,278,3.02877697841727,244.093525179856
05101,468,2.9957264957265,243.5
17873,1144,4.2534965034965,258.048951048951
23570,746,3.06434316353887,231.423592493298
68773,140,3.02857142857143,248.928571428571
41885,142,4.12676056338028,244.661971830986
73555,444,2.98648648648649,226.563063063063
85250,792,3.75252525252525,249.320707070707
41660,196,2.97959183673469,253.357142857143
05134,156,2.6025641025641,225
05842,122,2.65573770491803,222.836065573771
76122,530,3.56981132075472,242.954716981132
68296,70,3.2,251.914285714286
20228,814,3.71744471744472,239.805896805897
52317,336,2.66666666666667,271.404761904762
19212,452,3.33628318584071,227.74778761062
05858,350,3.14285714285714,217.445714285714
50318,308,4.14285714285714,249.558441558442
15491,332,4.37951807228916,282.439759036145
52490,344,3.30813953488372,206.529069767442
52399,724,3.16850828729282,251.027624309392
68081,4304,4.65799256505576,263.896375464684
15322,208,4.31730769230769,255.317307692308
76377,218,3.40366972477064,254.51376146789
68861,402,3.70646766169154,258.283582089552
20621,524,4.01145038167939,231.984732824428
05400,488,3.5327868852459,255.188524590164
20238,596,3.33892617449664,239.88255033557
19698,2136,3.99063670411985,242.887640449438
68307,2912,3.9793956043956,270.12293956044
52565,96,3.04166666666667,236.520833333333
20383,296,3.31756756756757,225.256756756757
25785,564,4.4113475177305,271.173758865248
23090,366,3.21311475409836,221.306010928962
18256,200,3.43,256.48
68385,210,3.04761904761905,240.504761904762
47555,1178,3.5874363327674,221.237691001698
41676,258,3.24031007751938,240.922480620155
66440,288,3.16666666666667,234.597222222222
05607,468,4.71367521367521,269.991452991453
76863,114,3.66666666666667,248.947368421053
05615,2920,4.37328767123288,264.313698630137
54405,1608,4.31965174129353,263.738805970149
86219,100,3.34,251.02
70418,484,3.6198347107438,218.599173553719
73347,106,3.28301886792453,267.698113207547
19022,248,2,220.782258064516
05086,166,3.1566265060241,226.433734939759
15837,222,3.40540540540541,268.333333333333
68121,50,3.04,281.92
23815,996,2.01606425702811,214.473895582329
70473,188,3.86170212765957,236.276595744681
52250,416,3.31730769230769,191.817307692308
70717,426,3.69014084507042,243.441314553991
25290,3500,4.53942857142857,260.910857142857
25473,3134,5.21888959795788,279.403318442885
05690,328,3.32926829268293,240.103658536585
54800,312,2.56410256410256,236.839743589744
52435,190,3.22105263157895,229.842105263158
41016,390,3.24102564102564,218.676923076923
15218,54,3.07407407407407,254.185185185185
05031,488,3.15573770491803,233.647540983607
70508,476,3.27310924369748,222.504201680672
50606,568,4.87323943661972,264.764084507042
20710,408,3.77450980392157,249.75
05761,380,3.61578947368421,223.478947368421
27050,138,3.52173913043478,197.942028985507
50590,214,3.20560747663551,224.831775700935
54720,490,2.95102040816327,237.575510204082
41306,576,3.60416666666667,253.086805555556
05321,220,4.17272727272727,253.972727272727
20013,1298,4.02465331278891,238.423728813559
54313,130,3.07692307692308,247.769230769231
15790,124,3.2258064516129,255.032258064516
17614,1006,3.62425447316103,241.085487077535
19701,82,3.46341463414634,238.292682926829
08573,1246,5.50401284109149,264.096308186196
52612,336,3.08928571428571,223.386904761905
15599,190,3.14736842105263,253.157894736842
15189,52,2.34615384615385,257.230769230769
68573,158,3.50632911392405,229.506329113924
19760,172,2.90697674418605,224.453488372093
68549,82,2.73170731707317,257.878048780488
66170,3400,4.46352941176471,268.926470588235
54109,74,2.2972972972973,228.135135135135
66687,184,3.1195652173913,246.130434782609
19622,172,3.19767441860465,240.162790697674
17050,326,3.0920245398773,237.343558282209
15842,122,2.70491803278689,250.295081967213
85263,260,3.04615384615385,245.515384615385
76845,108,3.31481481481482,242.425925925926
05628,146,2.6986301369863,216.849315068493
05044,122,2.36065573770492,222.245901639344
68190,752,3.28191489361702,233.550531914894
88564,98,5.57142857142857,216.734693877551
76823,304,3.25,237.368421052632
41132,646,3.63467492260062,234.275541795666
66088,560,3.08214285714286,227.025
86885,602,3.18272425249169,241.093023255814
81591,84,3.47619047619048,216.785714285714
15580,118,3.10169491525424,242.847457627119
13838,324,3.8641975308642,212.83950617284
15804,144,2.75,248.402777777778
27086,262,2.87022900763359,202.114503816794
68250,118,3.06779661016949,234.677966101695
68169,32,2.8125,254.5
05885,124,3.24193548387097,207.016129032258
23678,592,2.77702702702703,217.77027027027
68167,332,3.83734939759036,280.909638554217
63594,622,3.70739549839228,248.852090032154
25743,484,3.44628099173554,240.756198347107
25430,2304,4.82378472222222,269.628472222222
15051,124,3.33870967741936,256.677419354839
23574,540,3.15925925925926,222.511111111111
23464,456,3.5219298245614,228.916666666667
47541,194,3.07216494845361,208.948453608247
15820,54,3.07407407407407,256.592592592593
73168,1088,3.50919117647059,232.161764705882
91407,44,2.86363636363636,188.727272727273
27491,88,3.15909090909091,198.204545454545
20787,322,3.49689440993789,214.080745341615
23586,448,3.32142857142857,220.910714285714
68101,220,2.42727272727273,242.536363636364
66383,156,2.79487179487179,223.461538461538
73030,80,4.05,239.15
15686,136,3.02941176470588,242.735294117647
05055,130,3.15384615384615,227.846153846154
13670,522,3.29501915708812,225.816091954023
68162,184,3.06521739130435,261.760869565217
50689,414,4.15942028985507,251.821256038647
54003,406,2.94088669950739,250.004926108374
76622,842,4.13064133016627,251.332541567696
76041,242,2.95867768595041,241.066115702479
05579,790,3.65822784810127,221.126582278481
15232,76,2,229.315789473684
52110,400,2.845,256.195
73585,494,3.74089068825911,225.344129554656
52022,184,2.59782608695652,252.228260869565
05790,558,3.02150537634409,224.860215053763
15667,86,2.97674418604651,255.93023255814
68051,230,2.61739130434783,244.75652173913
27006,174,4.04597701149425,219.655172413793
63190,534,3.73408239700375,254.936329588015
68820,138,2.56521739130435,253.942028985507
97511,58,1.72413793103448,192.689655172414
52838,812,3.35467980295567,256.812807881773
05809,96,3.4375,232.833333333333
73349,392,4.27551020408163,243.698979591837
66456,232,2.9051724137931,216.525862068966
73563,162,3.53086419753086,219.444444444444
15176,1594,4.1555834378921,265.555834378921
47170,440,3.40454545454546,214.05
13433,758,3.70976253298153,204.844327176781
17272,138,3.11594202898551,259.202898550725
05501,56,2.39285714285714,246.107142857143
44874,546,4.73626373626374,240.864468864469
70221,332,4.31325301204819,235.16265060241
94663,32,1.75,188.25
27099,188,3.1063829787234,171.446808510638
15600,98,2.44897959183673,247.816326530612
05543,138,2.49275362318841,223.797101449275
27580,106,2.58490566037736,179.924528301887
86865,884,3.14253393665158,240.742081447964
05036,102,3.03921568627451,213.56862745098
27413,122,2.9344262295082,186.262295081967
13650,236,2.80508474576271,210.56779661017
81220,118,3,234.491525423729
05091,114,3.28070175438597,224.59649122807
47245,1458,3.51851851851852,224.104252400549
27615,488,3.92213114754098,192.459016393443
05148,1330,3.99699248120301,267.575939849624
76054,136,2.94117647058824,211.411764705882
52405,170,2.83529411764706,236.435294117647
76318,640,3.828125,240.125
68655,772,3.50777202072539,241.344559585492
15839,42,2.47619047619048,230
23670,1400,2.50571428571429,211.684285714286
50287,158,3.84810126582279,230.645569620253
23682,194,3.91752577319588,205.567010309278
05347,92,2.60869565217391,234.5
68298,68,2.91176470588235,260.705882352941
41530,210,2.85714285714286,253.32380952381
73861,274,3.75182481751825,228.430656934307
85230,268,3.11940298507463,241.417910447761
18860,88,3.5,240.613636363636
44035,580,3.72413793103448,207.062068965517
08634,742,4.56873315363881,240.905660377359
13810,314,3,208.605095541401
70702,290,3.69655172413793,222.213793103448
15097,96,3.29166666666667,262.645833333333
76036,360,3.96111111111111,240.511111111111
15087,182,3.41758241758242,252.549450549451
18150,430,3.06046511627907,227.655813953488
05665,842,3.16627078384798,225.042755344418
05585,236,3.75423728813559,216.593220338983
05038,256,2.421875,205.375
68079,192,3.60416666666667,267.53125
52354,140,2.87142857142857,266.185714285714
94883,18,3,215.333333333333
05310,146,3.89041095890411,246.191780821918
41026,76,3.78947368421053,252.289473684211
52560,208,3.24038461538462,266.355769230769
41872,108,3.37037037037037,243.703703703704
15879,40,1.75,242.9
15507,196,3.24489795918367,237.234693877551
17616,252,2.92857142857143,239.190476190476
52287,110,3.30909090909091,265.327272727273
17653,332,3.24698795180723,246.987951807229
15835,222,3.47747747747748,266.027027027027
15690,30,3.86666666666667,270.666666666667
25758,516,4.71317829457364,272.03488372093
05679,432,3.53240740740741,243.050925925926
13440,304,3.01315789473684,220.809210526316
68179,94,2.82978723404255,255.765957446809
52540,260,2.32307692307692,230.730769230769
41349,94,3.38297872340426,241.276595744681
20060,968,3.91735537190083,221.462809917355
15244,90,2.86666666666667,258.177777777778
27160,92,4.1304347826087,203.95652173913
95001,1432,3.64245810055866,233.328212290503
15778,70,3.34285714285714,247.742857142857
50223,140,4.34285714285714,242.728571428571
88001,914,5.21006564551422,242.354485776805
19845,226,4.32743362831858,216.955752212389
08675,214,3.68224299065421,204.448598130841
54245,160,3.225,237.475
73678,274,3.73722627737226,237.92700729927
17444,316,2.77215189873418,242.886075949367
15325,60,3.3,256.666666666667
52254,114,2.70175438596491,268.298245614035
15466,84,3.16666666666667,235.047619047619
15455,148,3.94594594594595,273.067567567568
19785,122,2.39344262295082,215.245901639344
50330,194,2.67010309278351,228.814432989691
52585,432,3.19907407407407,260.5
52835,3608,3.73946784922395,203.674057649667
08141,276,3.3768115942029,208.992753623188
25126,1580,5.02025316455696,275.213924050633
25797,194,3.01030927835052,251.484536082474
52786,352,2.60227272727273,246.096590909091
19364,320,2.6,209.20625
54172,412,3.80582524271845,266.257281553398
17513,272,2.94117647058824,241.970588235294
73043,174,2.79310344827586,230.103448275862
54206,328,3.07317073170732,234.90243902439
15187,36,2.55555555555556,254.555555555556
05697,900,3.60666666666667,244.046666666667
68745,172,3.06976744186047,246.453488372093
52687,344,2.29651162790698,234.203488372093
15299,334,4.30538922155689,262.48502994012
15215,48,4.125,269.625
68229,308,2.88961038961039,250.305194805195
15362,56,3.96428571428571,274.321428571429
15832,34,2.29411764705882,210.470588235294
15816,76,2.73684210526316,250.973684210526
52427,120,3.63333333333333,189.633333333333
13654,538,3.80297397769517,237.881040892193
52224,104,3.05769230769231,240.788461538462
86569,196,3.54081632653061,232.867346938776
44560,1172,2.71672354948805,189.856655290102
20295,200,3.82,217.37
25269,3082,4.41920830629461,273.184944841012
15798,78,2.58974358974359,273.512820512821
68152,114,2.57894736842105,251.070175438597
15542,96,2.83333333333333,246.645833333333
15664,76,3.18421052631579,263.473684210526
52885,206,2.89320388349515,251.194174757282
73873,104,2.84615384615385,225.653846153846
08296,1080,4.13888888888889,241.838888888889
17433,336,2.9047619047619,234.755952380952
13300,312,3.04487179487179,208.903846153846
05664,682,3.841642228739,251.266862170088
85162,368,3.85326086956522,251.711956521739
05647,126,3.74603174603175,232.793650793651
47053,760,3.58157894736842,212.278947368421
52390,174,3.59770114942529,188.896551724138
94343,136,2.41176470588235,192.882352941176
19585,196,3.06122448979592,231.928571428571
15212,50,3.88,252.56
54125,50,2.8,251.04
25873,560,3.56785714285714,262.342857142857
05145,130,3.06153846153846,229.523076923077
19455,824,3.96844660194175,239.769417475728
15774,40,3.25,246.8
94887,12,1.33333333333333,216
47675,204,3.6078431372549,216.607843137255
73870,186,2.86021505376344,259.290322580645
25885,194,3.01030927835052,240.030927835052
47058,748,3.72994652406417,229.713903743316
19533,78,3.46153846153846,227.897435897436
15090,46,2.8695652173913,273.347826086957
68327,78,3.46153846153846,264.153846153846
76250,134,2.98507462686567,264.55223880597
68575,660,3.82727272727273,229.418181818182
73411,758,3.67810026385224,254.839050131926
41078,94,3.61702127659575,243.382978723404
08832,190,3.97894736842105,220.778947368421
54810,898,2.97995545657016,227.227171492205
17442,152,3.25,217.434210526316
76111,1962,4.35779816513761,265.598369011213
54261,520,3.17307692307692,232.992307692308
85015,58,3.6551724137931,244.137931034483
68533,94,3.21276595744681,275.36170212766
66400,550,3.50545454545455,242.629090909091
68432,656,4.36280487804878,276.082317073171
13490,82,3.02439024390244,225.609756097561
54660,206,3.14563106796117,245.514563106796
15740,170,2.71764705882353,247.458823529412
54599,104,3.88461538461538,251.596153846154
05315,120,3.45,246.033333333333
15755,128,3.109375,260.71875
73124,400,3.14,241.76
70124,270,3.14814814814815,206.162962962963
05059,76,2.36842105263158,254.447368421053
66075,102,2.90196078431373,225.607843137255
73026,164,2.85365853658537,238.268292682927
05819,92,3.34782608695652,212.652173913043
50251,136,2.97058823529412,238.485294117647
27075,216,3.93518518518519,199.416666666667
05142,62,3.70967741935484,234.096774193548
68689,600,3.39333333333333,263.843333333333
50573,744,3.78494623655914,251.650537634409
68572,564,4.0886524822695,269.510638297872
15469,436,3.65596330275229,258.775229357798
15673,60,3.36666666666667,262.433333333333
15464,72,2.63888888888889,240.388888888889
25867,80,3.75,257.7
68176,50,2.44,247.88
50683,150,3.68,245.586666666667
27450,190,3.27368421052632,188
50450,192,2.72916666666667,224.28125
05264,224,3.78571428571429,260.732142857143
17088,190,3.01052631578947,236.621052631579
76246,116,2.53448275862069,237.034482758621
18756,84,3.07142857142857,205.166666666667
52260,306,3.0718954248366,253.830065359477
05656,278,4.00719424460432,240.611510791367
05306,112,2.625,218.089285714286
54418,60,2.76666666666667,253.866666666667
25718,260,3.8,246.623076923077
52207,250,2.704,242.632
95025,294,2.89795918367347,217.142857142857
23350,270,3.35555555555556,236.177777777778
08436,432,3.77314814814815,208.986111111111
68464,242,2.91735537190083,241.95867768595
52019,214,3.20560747663551,247.757009345794
05893,270,3.45185185185185,231.614814814815
85430,314,2.90445859872611,238.375796178344
54874,1918,4.00208550573514,258.783107403545
47660,334,2.95209580838323,208.640718562874
15808,74,2.81081081081081,268.594594594595
25260,386,3.74611398963731,257.968911917099
17495,168,3.03571428571429,225.964285714286
15476,70,2.94285714285714,244.628571428571
73275,520,4.01923076923077,222.788461538462
05873,224,2.95535714285714,192.116071428571
15660,24,2.83333333333333,285.75
23675,824,3.27669902912621,230.803398058252
19397,262,2.53435114503817,224.259541984733
52678,510,3.12156862745098,254.105882352941
50577,146,3.16438356164384,224.383561643836
52788,166,2.85542168674699,253.518072289157
68895,216,3.93518518518519,252.287037037037
15276,58,2.72413793103448,262.896551724138
25843,1244,4.43890675241158,261.041800643087
52079,546,2.81318681318681,198.772893772894
13030,154,3.09090909090909,213.012987012987
44650,1044,4.61111111111111,232.749042145594
73443,812,3.82266009852217,245.509852216749
13222,270,3.73333333333333,198.4
08520,670,4.23880597014925,243.791044776119
25612,156,3.42307692307692,225.487179487179
73622,102,3.11764705882353,226.647058823529
18094,178,3.15730337078652,230.393258426966
15494,100,3.2,247
13894,320,3.46875,208.975
54673,120,3.76666666666667,246.216666666667
20400,918,3.96949891067538,235.540305010893
13673,274,4.13868613138686,214.912408759124
20178,480,4.2,221.183333333333
73675,380,3.08421052631579,227.757894736842
27250,208,3.54807692307692,173.201923076923
13688,714,3.33053221288515,255.613445378151
47161,176,3.32954545454545,193.818181818182
15761,80,3.2,248.825
27135,74,3.10810810810811,201.810810810811
52320,216,2.22222222222222,251.75
44078,768,4.42708333333333,216.947916666667
13657,842,3.77672209026128,228.926365795724
25224,150,2.69333333333333,250.093333333333
13442,1066,3.36960600375235,205.277673545966
52418,218,3.06422018348624,253.43119266055
54347,60,3.6,260.8
13248,200,3.2,220.75
68770,238,2.70588235294118,253.672268907563
52258,312,2.87820512820513,254.615384615385
52381,172,3.13953488372093,256.453488372093
47980,1582,3.42225031605563,203.572692793932
08549,128,3.359375,205.78125
15296,84,2.47619047619048,242.833333333333
08638,2146,4.34016775396086,227.63560111836
25745,304,3.5,264.427631578947
13244,1762,3.22474460839955,218.328036322361
47707,590,3.43050847457627,217.738983050847
20570,288,3.54861111111111,231.479166666667
25335,124,3.54838709677419,250.209677419355
13160,154,3.62337662337662,221.272727272727
63272,280,3.75714285714286,263.092857142857
25817,904,4.46902654867257,263.926991150442
25200,576,4.10763888888889,266.628472222222
13006,572,3.20629370629371,206.769230769231
25279,224,3.60714285714286,257.785714285714
54051,174,2.58620689655172,241.103448275862
54223,182,2.82417582417582,228.901098901099
15762,84,2.54761904761905,252.97619047619
17877,256,3.6171875,248.625
91540,110,3.63636363636364,188.727272727273
85125,254,3.26771653543307,234.866141732284
13780,304,3.59210526315789,208.565789473684
25001,184,4.10869565217391,248.45652173913
17541,492,2.89430894308943,243.10162601626
25402,320,4.04375,259.8625
44090,456,3.80263157894737,215.495614035088
13647,382,3.9738219895288,200.717277486911
73152,92,3.23913043478261,238.521739130435
25535,248,4.2741935483871,253.846774193548
25281,120,3.01666666666667,254.016666666667
25513,550,4.21090909090909,253.014545454545
25317,268,3.05970149253731,245.738805970149
25839,192,3.30208333333333,242.958333333333
17486,402,3.32835820895522,249.124378109453
47692,638,3.29153605015674,234.670846394984
52051,168,2.54761904761905,236.404761904762
25572,314,4.21656050955414,258.420382165605
25649,242,3.1900826446281,236.446280991736
25148,246,2.96747967479675,245.317073170732
15810,52,4.46153846153846,259.884615384615
25426,130,3.41538461538462,260.707692307692
05659,494,3.1336032388664,211.46963562753
47205,310,3.13548387096774,206.761290322581
08558,352,3.52272727272727,212.511363636364
47545,326,3.57668711656442,214.711656441718
25019,82,3.14634146341463,255.341463414634
54743,110,2.70909090909091,264.854545454546
52036,150,2.53333333333333,243.24
47268,522,3.58620689655172,212.662835249042
13873,524,3.83969465648855,209.461832061069
15861,314,3.00636942675159,256.012738853503
08372,340,3.94117647058824,224.811764705882
66682,1218,3.93103448275862,256.747126436782
15172,60,3.5,253.8
68377,98,3.02040816326531,252.183673469388
19392,152,2.85526315789474,251.513157894737
99001,420,4.02380952380952,228.390476190476
25594,210,3.92380952380952,246.657142857143
25438,132,3.51515151515152,259.227272727273
20517,326,3.52760736196319,232.932515337423
91405,52,2.26923076923077,200.384615384615
52352,156,2.43589743589744,250.051282051282
25372,132,2.66666666666667,236.727272727273
25662,182,3.0989010989011,245.593406593407
08770,208,4.26923076923077,236.826923076923
54099,180,3.17777777777778,260.288888888889
13667,422,3.4739336492891,211.559241706161
25320,552,4.04347826086957,249.971014492754
08137,440,3.66363636363636,220.163636363636
52210,88,3.54545454545455,260.068181818182
73270,172,3.41860465116279,238.302325581395
25486,302,3.6953642384106,251.741721854305
44279,1052,4.68631178707224,233.811787072243
13062,178,3.46067415730337,206.910112359551
18610,314,3.26114649681529,226.452229299363
73520,200,3.48,242.56
86573,342,2.75438596491228,220.713450292398
13140,546,3.7032967032967,198.67032967033
15763,130,2.75384615384615,251.246153846154
27810,126,3.95238095238095,204.555555555556
52693,286,2.87412587412587,259.916083916084
86755,134,3.05970149253731,241.567164179105
13620,150,3.68,200.546666666667
15047,244,3.26229508196721,243.450819672131
25183,450,3.19111111111111,261.36
25035,230,3.28695652173913,251.15652173913
25293,84,3.04761904761905,238.833333333333
52378,430,2.93488372093023,241.772093023256
13580,122,3.18032786885246,190.196721311475
19809,354,3.40677966101695,182.152542372881
68235,280,2.7,244.492857142857
68217,102,2.66666666666667,261.156862745098
44098,252,3.45238095238095,202.730158730159
15332,92,3.17391304347826,249.695652173913
68209,38,1.57894736842105,238.526315789474
73148,266,3.65413533834587,229.511278195489
44110,148,3.81081081081081,221.527027027027
25288,150,3.96,264.066666666667
54520,110,2.96363636363636,249.418181818182
25258,74,4.08108108108108,256.432432432432
27073,172,3.36046511627907,185.046511627907
15550,18,2.11111111111111,252.111111111111
25488,170,4.41176470588235,261.223529411765
25297,158,3.62025316455696,266.73417721519
99773,406,2.68472906403941,197.665024630542
68255,280,3.14285714285714,241.071428571429
54680,72,3.72222222222222,261.388888888889
52685,132,2.89393939393939,268.181818181818
52696,76,3.28947368421053,191.684210526316
15897,120,3.28333333333333,256.883333333333
19290,114,3.12280701754386,234.754385964912
25815,200,4.18,230.54
54174,166,3.08433734939759,247.253012048193
25151,376,3.83510638297872,253.244680851064
68320,140,3.84285714285714,263.471428571429
25807,52,2.42307692307692,237
15757,166,4.16867469879518,254.626506024096
52323,170,3.58823529411765,276.105882352941
25878,330,3.63636363636364,244.606060606061
99624,68,3.44117647058824,225.411764705882
68855,128,3.078125,253.546875
25322,354,3.79661016949153,260.254237288136
25040,306,3.62745098039216,266.444444444445
25099,218,3.53211009174312,248.688073394495
25736,254,3.53543307086614,261.755905511811
25518,66,3.06060606060606,233.060606060606
25120,108,2.98148148148148,233.407407407407
15022,22,3.54545454545455,251
27150,128,3.875,199.265625
25653,122,2.54098360655738,232.131147540984
50245,36,3.5,240.777777777778
17665,118,2.8135593220339,217.949152542373
17524,316,3.13924050632911,237.284810126582
27430,84,2.5,192.071428571429
15425,72,3.55555555555556,249.166666666667
47703,296,3.23648648648649,217.986486486486
47570,450,3.46222222222222,194.391111111111
25841,164,3.31707317073171,243.560975609756
25530,134,3.67164179104478,242.835820895522
13212,366,3.13661202185792,211.819672131148
25312,136,3.25,236.779411764706
15131,68,3.35294117647059,254.441176470588
27245,166,3.62650602409639,219.481927710843
25407,144,3.125,262.625
08685,398,4.15577889447236,232.030150753769
25483,44,3.18181818181818,239.136363636364
47720,312,3.5,200.730769230769
47258,380,3.35263157894737,208.010526315789
25328,74,4.02702702702703,241.837837837838
15537,76,3.55263157894737,258.394736842105
85300,74,2.94594594594595,244.72972972973
17867,238,3.45378151260504,225.033613445378
52683,438,3.22374429223744,276.068493150685
68872,140,3.67142857142857,276.928571428571
25436,84,3.11904761904762,247.428571428571
25781,134,3.32835820895522,258.761194029851
15676,94,2.46808510638298,243.063829787234
27660,46,3.30434782608696,245
97889,26,2.30769230769231,196.692307692308
25245,478,3.76569037656904,246.146443514644
68092,42,3.71428571428571,266.095238095238
68211,90,3.71111111111111,279.311111111111
99524,198,3.43434343434343,240.181818181818
85325,116,3,256.931034482759
20750,308,3.55844155844156,239.162337662338
68322,52,2.84615384615385,260.884615384615
68418,264,2.90151515151515,242.030303030303
52473,38,5,204.157894736842
13042,216,3.25925925925926,209.805555555556
50110,152,3.18421052631579,215.736842105263
44378,404,4.31188118811881,211.371287128713
25793,248,2.67741935483871,254.41935483871
73686,90,2.82222222222222,238.422222222222
15109,130,2.67692307692308,261.246153846154
25769,492,4.67886178861789,285.081300813008
52203,124,2.75806451612903,250.258064516129
05411,232,3.31034482758621,229.379310344828
13760,208,4.26923076923077,206.528846153846
25299,84,3.42857142857143,249.238095238095
25181,280,3.62142857142857,267.164285714286
15723,34,4.11764705882353,256.117647058824
68266,90,3.75555555555556,263.8
52083,132,3.66666666666667,267.363636363636
25772,326,3.24539877300614,248.822085889571
25777,124,3.16129032258065,243.306451612903
68720,62,3.45161290322581,254.58064516129
15514,58,3.37931034482759,263.275862068966
52506,96,2.5,261.666666666667
73408,394,3.7258883248731,226.593908629442
68160,44,3.13636363636364,243.136363636364
68147,194,3.3298969072165,246.329896907217
44855,188,4.67021276595745,253.617021276596
13458,102,3.2156862745098,211.098039215686
15518,20,2.9,268.6
20443,258,3.91472868217054,237.387596899225
15272,100,3.96,268.94
25779,146,2.56164383561644,241.72602739726
27372,44,3.13636363636364,169.318181818182
52240,202,2.93069306930693,245.138613861386
25506,120,3.35,249.85
15693,174,3.88505747126437,281.275862068966
25295,252,3.92063492063492,261.452380952381
08606,488,3.82377049180328,222.729508196721
25580,56,3.17857142857143,224.857142857143
15403,46,2.56521739130435,269.652173913044
91669,26,3,203.461538461538
68425,50,3.24,252.64
54553,170,2.98823529411765,219.129411764706
25394,208,3.17307692307692,240.384615384615
25645,216,4.31481481481482,270.027777777778
25053,222,4.15315315315315,259.099099099099
52720,154,2.90909090909091,263.48051948052
25596,116,3.29310344827586,237.534482758621
68522,54,3.74074074074074,271.592592592593
95200,56,2.57142857142857,213.428571428571
25823,84,2.02380952380952,226.714285714286
68207,104,3.5,277.115384615385
85315,34,3.64705882352941,250.529411764706
15135,52,2.84615384615385,254
52621,136,3.85294117647059,187.852941176471
54377,134,3.01492537313433,248.716417910448
05206,70,3.22857142857143,224.8
13683,328,3.90243902439024,207.975609756098
68673,36,2.11111111111111,235.944444444444
25658,220,3.65454545454546,247.1
73854,130,3.09230769230769,228.892307692308
15092,32,3.4375,267.375
25851,90,2.93333333333333,235.466666666667
68468,90,2.8,236.088888888889
05353,80,3.775,247.875
25845,156,3.58974358974359,240.128205128205
68444,112,3.08928571428571,250.982142857143
68684,98,3.46938775510204,269.163265306123
15317,42,3.9047619047619,272.095238095238
50325,132,3.07575757575758,204.424242424242
52699,130,2.47692307692308,233.461538461539
52256,132,2.46969696969697,231.621212121212
25489,70,3.4,221.6
15293,82,2.19512195121951,225.390243902439
13074,336,3.54166666666667,206.267857142857
05004,36,3.05555555555556,233.888888888889
68245,44,2.86363636363636,264.863636363636
25178,160,3.3,268.725
47960,186,2.96774193548387,223.967741935484
52520,112,3.58928571428571,198.410714285714
85400,90,2.82222222222222,243.711111111111
68271,114,2.40350877192982,241.771929824561
25862,88,2.95454545454545,254.886363636364
27600,162,3,183.024691358025
17388,112,3.01785714285714,244.803571428571
25398,104,3.17307692307692,235.673076923077
54239,98,3.61224489795918,244.448979591837
54480,36,2.94444444444444,277.666666666667
15442,116,2.62068965517241,245.896551724138
52411,152,2.80263157894737,263.921052631579
68344,52,2.96153846153846,251.192307692308
91263,18,2.66666666666667,202.444444444444
68780,90,2.68888888888889,268.155555555556
08849,152,3.61842105263158,224.486842105263
25326,90,3.4,264.155555555556
15236,46,3.1304347826087,242.086956521739
25339,64,3.46875,218.71875
68682,78,2.71794871794872,241.846153846154
25154,142,3.25352112676056,243.394366197183
54398,132,2.59090909090909,245.954545454546
15500,52,5.15384615384615,289.769230769231
68370,36,2.55555555555556,259.388888888889
25123,134,3.38805970149254,241.402985074627
25599,100,3.26,221.4
15522,46,3.65217391304348,240.304347826087
68502,82,2.80487804878049,241.707317073171
68686,64,3.28125,275.875
47605,134,3.3134328358209,201.671641791045
05107,80,3.9,224.45
73024,94,3.74468085106383,247.148936170213
63212,104,3.71153846153846,232.75
68013,32,3.5,266.9375
15401,16,1.875,238
68498,92,3.21739130434783,257.478260869565
52694,92,2.56521739130435,256.173913043478
25491,80,3.975,258.525
54871,70,2.65714285714286,244.457142857143
50686,16,4.5,243.125
52385,106,3.13207547169811,257.452830188679
25168,36,4.05555555555556,263.722222222222
15720,50,2.96,239.8
17446,38,2.57894736842105,228.684210526316
44420,48,4,232.541666666667
25524,118,3.1864406779661,236.084745762712
25898,114,3.12280701754386,249.298245614035
13268,138,3.39130434782609,223.840579710145
27745,22,2.45454545454545,191.818181818182
25592,90,4,256.844444444444
25871,44,3.27272727272727,264.818181818182
25368,36,3.16666666666667,227.555555555556
15223,94,3.68085106382979,249.893617021277
41801,84,4.07142857142857,255.976190476191
25095,44,2.63636363636364,262.272727272727
15248,56,3.60714285714286,264.821428571429
25086,34,3.47058823529412,236.176470588235
68020,84,2.95238095238095,243.119047619048
95015,80,2.875,229.775
05467,138,2.3768115942029,230.304347826087
15511,32,2.125,249.375
68318,128,2.765625,244.1875
05475,18,3.66666666666667,191.666666666667
68324,50,2.64,240.24
25805,50,3,259.32
15377,44,3.27272727272727,253.636363636364
15106,30,2.13333333333333,265.466666666667
15533,60,2.9,240.233333333333
68132,38,3.84210526315789,262
05658,56,3.53571428571429,229
68524,48,3.5,268.791666666667
94888,10,0.8,228
85136,28,3.28571428571429,238.142857142857
15621,38,3.05263157894737,271.526315789474
25324,40,2.4,215.45
20310,76,4.02631578947368,262.947368421053
68705,40,2.45,268.85
15696,42,2.42857142857143,248.52380952381
91798,28,2.5,194.785714285714
15226,26,2.61538461538462,259.538461538462
27425,14,4.14285714285714,172.571428571429
68264,18,2.77777777777778,248.333333333333
91460,28,1.78571428571429,185.714285714286
15114,12,4,248.833333333333
