divipola,municipio,departamento,n,punt
05001,Medellín,Antioquia,55326,250.692658063117
05002,Abejorral,Antioquia,362,254.629834254144
05004,Abriaquí,Antioquia,36,233.888888888889
05021,Alejandría,Antioquia,96,227.8125
05030,Amagá,Antioquia,616,233.282467532468
05031,Amalfi,Antioquia,524,233.141221374046
05034,Andes,Antioquia,852,251.356807511737
05036,Angelópolis,Antioquia,120,209.033333333333
05038,Angostura,Antioquia,268,204.268656716418
05040,Anorí,Antioquia,894,192.342281879195
05042,Santafé de Antioquia,Antioquia,548,230.07299270073
05044,Anza,Antioquia,126,221.222222222222
05045,Apartadó,Antioquia,3464,236.935912240185
05051,Arboletes,Antioquia,962,212.950103950104
05055,Argelia,Antioquia,138,225.811594202899
05059,Armenia,Antioquia,86,250.627906976744
05079,Barbosa,Antioquia,1152,235.194444444445
05086,Belmira,Antioquia,174,227.885057471264
05088,Bello,Antioquia,11002,252.205235411743
05091,Betania,Antioquia,114,224.59649122807
05093,Betulia,Antioquia,380,213.236842105263
05101,Ciudad Bolívar,Antioquia,494,243.364372469636
05107,Briceño,Antioquia,82,224.292682926829
05113,Buriticá,Antioquia,156,223.25641025641
05120,Cáceres,Antioquia,670,212.313432835821
05125,Caicedo,Antioquia,290,209.758620689655
05129,Caldas,Antioquia,1550,256.805161290323
05134,Campamento,Antioquia,166,224.506024096386
05138,Cañasgordas,Antioquia,424,224.52358490566
05142,Caracolí,Antioquia,70,230.085714285714
05145,Caramanta,Antioquia,134,228.462686567164
05147,Carepa,Antioquia,1148,232.747386759582
05148,El Carmen de Viboral,Antioquia,1392,266.783045977012
05150,Carolina,Antioquia,88,229.795454545455
05154,Caucasia,Antioquia,2426,243.710634789777
05172,Chigorodó,Antioquia,1560,228.507692307692
05190,Cisneros,Antioquia,190,240.736842105263
05197,Cocorná,Antioquia,302,248.662251655629
05206,Concepción,Antioquia,70,224.8
05209,Concordia,Antioquia,422,216.701421800948
05212,Copacabana,Antioquia,1962,263.775739041794
05234,Dabeiba,Antioquia,512,212.85546875
05237,Don Matías,Antioquia,424,242.047169811321
05240,Ebéjico,Antioquia,212,227.537735849057
05250,El Bagre,Antioquia,1532,214.640992167102
05264,Entrerrios,Antioquia,246,260.325203252033
05266,Envigado,Antioquia,4218,282.548601232812
05282,Fredonia,Antioquia,338,238.840236686391
05284,Frontino,Antioquia,460,238.573913043478
05306,Giraldo,Antioquia,116,217.01724137931
05308,Girardota,Antioquia,1250,251.5232
05310,Gómez Plata,Antioquia,162,244.123456790123
05313,Granada,Antioquia,162,243.345679012346
05315,Guadalupe,Antioquia,120,246.033333333333
05318,Guarne,Antioquia,860,253.527906976744
05321,Guatape,Antioquia,228,254.666666666667
05347,Heliconia,Antioquia,96,237.0625
05353,Hispania,Antioquia,82,248.414634146341
05360,Itagüí,Antioquia,5726,261.575969263011
05361,Ituango,Antioquia,476,208.382352941176
05364,Jardín,Antioquia,316,248.126582278481
05368,Jericó,Antioquia,312,246.730769230769
05376,La Ceja,Antioquia,1346,268.716196136701
05380,La Estrella,Antioquia,1496,270.95320855615
05390,La Pintada,Antioquia,150,240.853333333333
05400,La Unión,Antioquia,508,255.070866141732
05411,Liborina,Antioquia,244,228.745901639344
05425,Maceo,Antioquia,184,240.554347826087
05440,Marinilla,Antioquia,1544,262.19170984456
05467,Montebello,Antioquia,148,231.391891891892
05475,Murindó,Antioquia,18,191.666666666667
05480,Mutatá,Antioquia,284,212.542253521127
05483,Nariño,Antioquia,172,227.43023255814
05490,Necoclí,Antioquia,1556,209.119537275064
05495,Nechí,Antioquia,398,214.824120603015
05501,Olaya,Antioquia,60,245.9
05541,Peñol,Antioquia,500,236.944
05543,Peque,Antioquia,152,223.486842105263
05576,Pueblorrico,Antioquia,208,237.384615384615
05579,Puerto Berrío,Antioquia,898,219.75723830735
05585,Puerto Nare,Antioquia,252,215.920634920635
05591,Puerto Triunfo,Antioquia,330,244.157575757576
05604,Remedios,Antioquia,742,209.148247978437
05607,Retiro,Antioquia,510,268.007843137255
05615,Rionegro,Antioquia,3150,263.741587301587
05628,Sabanalarga,Antioquia,156,218.435897435897
05631,Sabaneta,Antioquia,1594,278.143036386449
05642,Salgar,Antioquia,216,237.12962962963
05647,San Andrés,Antioquia,130,232.938461538462
05649,San Carlos,Antioquia,472,231.402542372881
05652,San Francisco,Antioquia,90,238.822222222222
05656,San Jerónimo,Antioquia,288,241.013888888889
05658,San José de la Montaña,Antioquia,66,233.69696969697
05659,San Juan de Urabá,Antioquia,544,209.819852941176
05660,San Luis,Antioquia,282,236.056737588652
05664,San Pedro,Antioquia,724,250.759668508287
05665,San Pedro de Uraba,Antioquia,894,224.393736017897
05667,San Rafael,Antioquia,268,245.462686567164
05670,San Roque,Antioquia,566,223.770318021201
05674,San Vicente,Antioquia,420,243.380952380952
05679,Santa Bárbara,Antioquia,444,242.918918918919
05686,Santa Rosa de Osos,Antioquia,1046,261.328871892925
05690,Santo Domingo,Antioquia,392,239.219387755102
05697,El Santuario,Antioquia,968,243.510330578512
05736,Segovia,Antioquia,734,215.817438692098
05756,Sonson,Antioquia,722,235.04432132964
05761,Sopetrán,Antioquia,406,223.881773399015
05789,Támesis,Antioquia,332,239.120481927711
05790,Tarazá,Antioquia,596,222.580536912752
05792,Tarso,Antioquia,98,245.30612244898
05809,Titiribí,Antioquia,118,232.033898305085
05819,Toledo,Antioquia,98,209.734693877551
05837,Turbo,Antioquia,3646,214.470104223807
05842,Uramita,Antioquia,122,222.836065573771
05847,Urrao,Antioquia,806,222.600496277916
05854,Valdivia,Antioquia,188,234.117021276596
05856,Valparaíso,Antioquia,104,234.5
05858,Vegachí,Antioquia,398,215.778894472362
05861,Venecia,Antioquia,280,221.285714285714
05873,Vigía del Fuerte,Antioquia,248,190.596774193548
05885,Yalí,Antioquia,132,207.712121212121
05887,Yarumal,Antioquia,1006,254.109343936382
05890,Yolombó,Antioquia,586,213.075085324232
05893,Yondó,Antioquia,282,231.836879432624
05895,Zaragoza,Antioquia,718,204.983286908078
08001,Barranquilla,Atlántico,31314,253.861403844926
08078,Baranoa,Atlántico,1404,236.534188034188
08137,Campo de la Cruz,Atlántico,482,219.199170124481
08141,Candelaria,Atlántico,312,207.410256410256
08296,Galapa,Atlántico,1184,241.5
08372,Juan de Acosta,Atlántico,378,225.010582010582
08421,Luruaco,Atlántico,664,214.192771084337
08433,Malambo,Atlántico,3094,234.427278603749
08436,Manatí,Atlántico,450,208.355555555556
08520,Palmar de Varela,Atlántico,704,243.426136363636
08549,Piojó,Atlántico,146,202.260273972603
08558,Polonuevo,Atlántico,372,212.086021505376
08560,Ponedera,Atlántico,490,214.040816326531
08573,Puerto Colombia,Atlántico,1376,263.683139534884
08606,Repelón,Atlántico,520,221.373076923077
08634,Sabanagrande,Atlántico,788,240.383248730964
08638,Sabanalarga,Atlántico,2456,225.796416938111
08675,Santa Lucía,Atlántico,236,203.423728813559
08685,Santo Tomás,Atlántico,446,229.556053811659
08758,Soledad,Atlántico,14870,241.572024209818
08770,Suan,Atlántico,214,235.897196261682
08832,Tubará,Atlántico,196,220.34693877551
08849,Usiacurí,Atlántico,166,221.939759036145
11001,"Bogotá, D.C.","Bogotá, D.C.",152536,270.258207898463
13001,Cartagena,Bolívar,27962,239.280881195909
13006,Achí,Bolívar,614,206.214983713355
13030,Altos del Rosario,Bolívar,162,213.024691358025
13042,Arenal,Bolívar,224,208.910714285714
13052,Arjona,Bolívar,2030,221.000985221675
13062,Arroyohondo,Bolívar,188,206.351063829787
13074,Barranco de Loba,Bolívar,370,205.151351351351
13140,Calamar,Bolívar,580,197.734482758621
13160,Cantagallo,Bolívar,170,222.494117647059
13188,Cicuco,Bolívar,324,221.067901234568
13212,Córdoba,Bolívar,402,211.283582089552
13222,Clemencia,Bolívar,302,197.172185430464
13244,El Carmen de Bolívar,Bolívar,1986,217.875125881168
13248,El Guamo,Bolívar,206,219.572815533981
13268,El Peñón,Bolívar,150,221.906666666667
13300,Hatillo de Loba,Bolívar,326,207.950920245399
13430,Magangué,Bolívar,3266,230.29699938763
13433,Mahates,Bolívar,852,202.711267605634
13440,Margarita,Bolívar,348,218.890804597701
13442,María la Baja,Bolívar,1192,204.147651006711
13458,Montecristo,Bolívar,112,208.446428571429
13468,Mompós,Bolívar,1296,219.422839506173
13473,Morales,Bolívar,462,206.91341991342
13490,Norosi,Bolívar,84,224.357142857143
13549,Pinillos,Bolívar,630,203.244444444444
13580,Regidor,Bolívar,134,188.462686567164
13600,Río Viejo,Bolívar,168,208.333333333333
13620,San Cristóbal,Bolívar,168,201.464285714286
13647,San Estanislao,Bolívar,410,199.292682926829
13650,San Fernando,Bolívar,252,209.349206349206
13654,San Jacinto,Bolívar,582,238.649484536083
13655,San Jacinto del Cauca,Bolívar,214,207.392523364486
13657,San Juan Nepomuceno,Bolívar,914,228.343544857768
13667,San Martín de Loba,Bolívar,450,211.671111111111
13670,San Pablo,Bolívar,558,224.620071684588
13673,Santa Catalina,Bolívar,322,214.409937888199
13683,Santa Rosa,Bolívar,354,207.333333333333
13688,Santa Rosa del Sur,Bolívar,752,255.228723404255
13744,Simití,Bolívar,292,233.356164383562
13760,Soplaviento,Bolívar,228,205.736842105263
13780,Talaigua Nuevo,Bolívar,358,208.720670391061
13810,Tiquisio,Bolívar,336,207.815476190476
13836,Turbaco,Bolívar,2372,252.886172006745
13838,Turbaná,Bolívar,350,212.834285714286
13873,Villanueva,Bolívar,588,208.619047619048
13894,Zambrano,Bolívar,360,207.244444444444
15001,Tunja,Boyacá,5108,286.805403288958
15022,Almeida,Boyacá,22,251
15047,Aquitania,Boyacá,264,242.295454545455
15051,Arcabuco,Boyacá,128,254.375
15087,Belén,Boyacá,188,252.159574468085
15090,Berbeo,Boyacá,46,273.347826086957
15092,Betéitiva,Boyacá,32,267.375
15097,Boavita,Boyacá,100,264.56
15104,Boyacá,Boyacá,104,253.096153846154
15106,Briceño,Boyacá,30,265.466666666667
15109,Buenavista,Boyacá,134,262.761194029851
15114,Busbanzá,Boyacá,14,254.285714285714
15131,Caldas,Boyacá,72,254.805555555556
15135,Campohermoso,Boyacá,54,253.37037037037
15162,Cerinza,Boyacá,72,272.972222222222
15172,Chinavita,Boyacá,62,253.129032258065
15176,Chiquinquirá,Boyacá,1692,265.58865248227
15180,Chiscas,Boyacá,56,251.928571428571
15183,Chita,Boyacá,238,232.453781512605
15185,Chitaraque,Boyacá,118,240.338983050847
15187,Chivatá,Boyacá,38,256.789473684211
15189,Ciénega,Boyacá,94,264.468085106383
15204,Cómbita,Boyacá,194,268.39175257732
15212,Coper,Boyacá,52,249.153846153846
15215,Corrales,Boyacá,48,269.625
15218,Covarachía,Boyacá,56,252.928571428571
15223,Cubará,Boyacá,98,247.571428571429
15224,Cucaita,Boyacá,128,251.4375
15226,Cuítiva,Boyacá,38,256.473684210526
15232,Chíquiza,Boyacá,78,229.846153846154
15236,Chivor,Boyacá,46,242.086956521739
15238,Duitama,Boyacá,3574,281.827644096251
15244,El Cocuy,Boyacá,92,258.782608695652
15248,El Espino,Boyacá,58,263.310344827586
15272,Firavitoba,Boyacá,124,263.967741935484
15276,Floresta,Boyacá,64,263.1875
15293,Gachantivá,Boyacá,86,225.418604651163
15296,Gameza,Boyacá,90,242.933333333333
15299,Garagoa,Boyacá,348,264.252873563218
15317,Guacamayas,Boyacá,42,272.095238095238
15322,Guateque,Boyacá,216,255.444444444444
15325,Guayatá,Boyacá,64,259.34375
15332,Güicán,Boyacá,96,248.875
15362,Iza,Boyacá,60,275.966666666667
15367,Jenesano,Boyacá,146,258.191780821918
15368,Jericó,Boyacá,90,257.688888888889
15377,Labranzagrande,Boyacá,46,252.695652173913
15380,La Capilla,Boyacá,60,259.3
15401,La Victoria,Boyacá,16,238
15403,La Uvita,Boyacá,48,268.416666666667
15407,Villa de Leyva,Boyacá,376,273.670212765957
15425,Macanal,Boyacá,74,248.756756756757
15442,Maripí,Boyacá,120,244.35
15455,Miraflores,Boyacá,158,273.569620253165
15464,Mongua,Boyacá,80,239.7
15466,Monguí,Boyacá,86,235.558139534884
15469,Moniquirá,Boyacá,474,258.772151898734
15476,Motavita,Boyacá,74,244.027027027027
15480,Muzo,Boyacá,172,246.848837209302
15491,Nobsa,Boyacá,348,282.948275862069
15494,Nuevo Colón,Boyacá,104,247.711538461538
15500,Oicatá,Boyacá,54,287.666666666667
15507,Otanche,Boyacá,206,234.873786407767
15511,Pachavita,Boyacá,34,249.823529411765
15514,Páez,Boyacá,60,262.3
15516,Paipa,Boyacá,810,295.506172839506
15518,Pajarito,Boyacá,34,267.588235294118
15522,Panqueba,Boyacá,52,241.230769230769
15531,Pauna,Boyacá,182,239.989010989011
15533,Paya,Boyacá,62,238.548387096774
15537,Paz de Río,Boyacá,86,258.651162790698
15542,Pesca,Boyacá,108,247.907407407407
15550,Pisba,Boyacá,20,256.5
15572,Puerto Boyacá,Boyacá,1386,242.320346320346
15580,Quípama,Boyacá,126,241.285714285714
15599,Ramiriquí,Boyacá,246,252.520325203252
15600,Ráquira,Boyacá,110,247.909090909091
15621,Rondón,Boyacá,44,271.181818181818
15632,Saboyá,Boyacá,306,248.542483660131
15638,Sáchica,Boyacá,106,241.245283018868
15646,Samacá,Boyacá,466,265.090128755365
15660,San Eduardo,Boyacá,24,285.75
15664,San José de Pare,Boyacá,80,264.25
15667,San Luis de Gaceno,Boyacá,88,256.613636363636
15673,San Mateo,Boyacá,62,262.41935483871
15676,San Miguel de Sema,Boyacá,96,241.875
15681,San Pablo de Borbur,Boyacá,138,235.289855072464
15686,Santana,Boyacá,142,243.30985915493
15690,Santa María,Boyacá,32,272.375
15693,Santa Rosa de Viterbo,Boyacá,184,282.163043478261
15696,Santa Sofía,Boyacá,44,244.318181818182
15720,Sativanorte,Boyacá,54,238.777777777778
15723,Sativasur,Boyacá,36,254.222222222222
15740,Siachoque,Boyacá,180,246.411111111111
15753,Soatá,Boyacá,212,266.952830188679
15755,Socotá,Boyacá,138,259.173913043478
15757,Socha,Boyacá,174,255.35632183908
15759,Sogamoso,Boyacá,4158,279.866281866282
15761,Somondoco,Boyacá,84,249.52380952381
15762,Sora,Boyacá,92,252.239130434783
15763,Sotaquirá,Boyacá,138,251.768115942029
15764,Soracá,Boyacá,264,276.606060606061
15774,Susacón,Boyacá,42,243.380952380952
15776,Sutamarchán,Boyacá,100,251.14
15778,Sutatenza,Boyacá,70,247.742857142857
15790,Tasco,Boyacá,128,253.75
15798,Tenza,Boyacá,80,273.25
15804,Tibaná,Boyacá,196,248.071428571429
15806,Tibasosa,Boyacá,194,274.948453608247
15808,Tinjacá,Boyacá,78,266.461538461538
15810,Tipacoque,Boyacá,54,259.888888888889
15814,Toca,Boyacá,240,249.583333333333
15816,Togüí,Boyacá,82,246.804878048781
15820,Tópaga,Boyacá,54,256.592592592593
15822,Tota,Boyacá,114,252.035087719298
15832,Tununguá,Boyacá,50,208.12
15835,Turmequé,Boyacá,248,264.83064516129
15837,Tuta,Boyacá,228,268.80701754386
15839,Tutazá,Boyacá,46,231.869565217391
15842,Umbita,Boyacá,132,250.227272727273
15861,Ventaquemada,Boyacá,342,256.801169590643
15879,Viracachá,Boyacá,54,244.296296296296
15897,Zetaquira,Boyacá,122,255.655737704918
17001,Manizales,Caldas,8068,267.04759543877
17013,Aguadas,Caldas,494,262.348178137652
17042,Anserma,Caldas,622,245.479099678457
17050,Aranzazu,Caldas,356,234.589887640449
17088,Belalcázar,Caldas,196,235.122448979592
17174,Chinchiná,Caldas,970,252.138144329897
17272,Filadelfia,Caldas,150,259.426666666667
17380,La Dorada,Caldas,1442,246.643550624133
17388,La Merced,Caldas,116,243.724137931034
17433,Manzanares,Caldas,350,232.457142857143
17442,Marmato,Caldas,156,217.205128205128
17444,Marquetalia,Caldas,334,242.431137724551
17446,Marulanda,Caldas,46,225.304347826087
17486,Neira,Caldas,418,247.684210526316
17495,Norcasia,Caldas,192,222.729166666667
17513,Pácora,Caldas,282,241.617021276596
17524,Palestina,Caldas,354,237.418079096045
17541,Pensilvania,Caldas,516,242.751937984496
17614,Riosucio,Caldas,1076,240.503717472119
17616,Risaralda,Caldas,266,237.842105263158
17653,Salamina,Caldas,344,246.924418604651
17662,Samaná,Caldas,462,246.225108225108
17665,San José,Caldas,124,218.241935483871
17777,Supía,Caldas,756,224.529100529101
17867,Victoria,Caldas,252,225.007936507937
17873,Villamaría,Caldas,1236,258.114886731392
17877,Viterbo,Caldas,274,247.678832116788
18001,Florencia,Caquetá,3868,253.241985522234
18029,Albania,Caquetá,100,232.44
18094,Belén de los Andaquies,Caquetá,184,230.228260869565
18150,Cartagena del Chairá,Caquetá,460,226.94347826087
18205,Curillo,Caquetá,180,217.922222222222
18247,El Doncello,Caquetá,494,243.441295546559
18256,El Paujil,Caquetá,226,256.991150442478
18410,La Montañita,Caquetá,200,233.42
18460,Milán,Caquetá,162,211.111111111111
18479,Morelia,Caquetá,68,213.911764705882
18592,Puerto Rico,Caquetá,374,227.07486631016
18610,San José del Fragua,Caquetá,322,225.248447204969
18753,San Vicente del Caguán,Caquetá,962,231.359667359667
18756,Solano,Caquetá,90,203.6
18785,Solita,Caquetá,90,226.733333333333
18860,Valparaíso,Caquetá,96,237.354166666667
19001,Popayán,Cauca,6460,260.380495356037
19022,Almaguer,Cauca,292,220.849315068493
19050,Argelia,Cauca,328,233.164634146341
19075,Balboa,Cauca,278,231.41726618705
19100,Bolívar,Cauca,786,227.956743002545
19110,Buenos Aires,Cauca,514,203.081712062257
19130,Cajibío,Cauca,764,227.05497382199
19137,Caldono,Cauca,884,207.737556561086
19142,Caloto,Cauca,758,215.699208443272
19212,Corinto,Cauca,524,226.583969465649
19256,El Tambo,Cauca,862,230.118329466357
19290,Florencia,Cauca,124,234.354838709677
19300,Guachene,Cauca,358,200.27374301676
19318,Guapi,Cauca,650,193.972307692308
19355,Inzá,Cauca,608,234.059210526316
19364,Jambaló,Cauca,370,209.183783783784
19392,La Sierra,Cauca,166,250.084337349398
19397,La Vega,Cauca,282,224.673758865248
19418,López,Cauca,228,179.254385964912
19450,Mercaderes,Cauca,324,221.734567901235
19455,Miranda,Cauca,908,237.442731277533
19473,Morales,Cauca,562,217.91103202847
19513,Padilla,Cauca,252,205.071428571429
19517,Paez,Cauca,580,210.796551724138
19532,Patía,Cauca,694,220.351585014409
19533,Piamonte,Cauca,92,227.5
19548,Piendamó,Cauca,840,237.857142857143
19573,Puerto Tejada,Cauca,894,210.23937360179
19585,Puracé,Cauca,226,231.654867256637
19622,Rosas,Cauca,182,240.131868131868
19693,San Sebastián,Cauca,172,223.93023255814
19698,Santander de Quilichao,Cauca,2374,241.320134793597
19701,Santa Rosa,Cauca,86,237.116279069767
19743,Silvia,Cauca,724,218.762430939227
19760,Sotara,Cauca,198,225.878787878788
19780,Suárez,Cauca,394,205.38578680203
19785,Sucre,Cauca,130,213.169230769231
19807,Timbío,Cauca,720,248.411111111111
19809,Timbiquí,Cauca,388,180.886597938144
19821,Toribio,Cauca,774,202.462532299742
19824,Totoró,Cauca,398,217.045226130653
19845,Villa Rica,Cauca,284,216.633802816901
20001,Valledupar,Cesar,11846,255.908323484721
20011,Aguachica,Cesar,2616,239.474770642202
20013,Agustín Codazzi,Cesar,1392,236.916666666667
20032,Astrea,Cesar,418,221.794258373206
20045,Becerril,Cesar,374,232.224598930481
20060,Bosconia,Cesar,1064,219.562030075188
20175,Chimichagua,Cesar,886,216.505643340858
20178,Chiriguaná,Cesar,520,219.811538461539
20228,Curumaní,Cesar,904,239.320796460177
20238,El Copey,Cesar,684,238.450292397661
20250,El Paso,Cesar,836,222.200956937799
20295,Gamarra,Cesar,216,216.712962962963
20310,González,Cesar,80,262.45
20383,La Gloria,Cesar,332,223.94578313253
20400,La Jagua de Ibirico,Cesar,996,233.255020080321
20443,Manaure,Cesar,284,238.218309859155
20517,Pailitas,Cesar,352,229.852272727273
20550,Pelaya,Cesar,546,226.340659340659
20570,Pueblo Bello,Cesar,310,231.470967741936
20614,Río de Oro,Cesar,294,242.714285714286
20621,La Paz,Cesar,598,230.494983277592
20710,San Alberto,Cesar,446,249.439461883408
20750,San Diego,Cesar,336,237.172619047619
20770,San Martín,Cesar,434,246.612903225806
20787,Tamalameque,Cesar,364,213.818681318681
23001,Montería,Córdoba,11890,257.200336417157
23068,Ayapel,Córdoba,982,216.798370672098
23079,Buenavista,Córdoba,548,215.883211678832
23090,Canalete,Córdoba,406,221.093596059113
23162,Cereté,Córdoba,2810,244.842704626335
23168,Chimá,Córdoba,404,222.20297029703
23182,Chinú,Córdoba,1098,249.555555555556
23189,Ciénaga de Oro,Córdoba,1528,232.031413612565
23300,Cotorra,Córdoba,370,221.837837837838
23350,La Apartada,Córdoba,294,236.972789115646
23417,Lorica,Córdoba,3144,234.204834605598
23419,Los Córdobas,Córdoba,404,215.346534653465
23464,Momil,Córdoba,536,229.791044776119
23466,Montelíbano,Córdoba,2236,243.712880143113
23500,Moñitos,Córdoba,744,227.435483870968
23555,Planeta Rica,Córdoba,1982,230.182643794147
23570,Pueblo Nuevo,Córdoba,798,231.468671679198
23574,Puerto Escondido,Córdoba,590,221.718644067797
23580,Puerto Libertador,Córdoba,1082,223.441774491682
23586,Purísima,Córdoba,484,220.107438016529
23660,Sahagún,Córdoba,2682,250.352721849366
23670,San Andrés Sotavento,Córdoba,1496,210.629679144385
23672,San Antero,Córdoba,722,218.182825484765
23675,San Bernardo del Viento,Córdoba,926,229.246220302376
23678,San Carlos,Córdoba,628,216.684713375796
23682,San José de Uré,Córdoba,222,204.684684684685
23686,San Pelayo,Córdoba,1066,235.176360225141
23807,Tierralta,Córdoba,2376,233.563973063973
23815,Tuchín,Córdoba,1048,213.687022900763
23855,Valencia,Córdoba,1044,218.747126436782
25001,Agua de Dios,Cundinamarca,204,248.627450980392
25019,Albán,Cundinamarca,84,257.476190476191
25035,Anapoima,Cundinamarca,260,253.192307692308
25040,Anolaima,Cundinamarca,322,267.633540372671
25053,Arbeláez,Cundinamarca,230,259.095652173913
25086,Beltrán,Cundinamarca,36,239.833333333333
25095,Bituima,Cundinamarca,48,263.25
25099,Bojacá,Cundinamarca,232,248.344827586207
25120,Cabrera,Cundinamarca,110,232.981818181818
25123,Cachipay,Cundinamarca,150,239.146666666667
25126,Cajicá,Cundinamarca,1748,273.652173913044
25148,Caparrapí,Cundinamarca,266,246.03007518797
25151,Caqueza,Cundinamarca,394,252.421319796954
25154,Carmen de Carupa,Cundinamarca,162,241.851851851852
25168,Chaguaní,Cundinamarca,36,263.722222222222
25175,Chía,Cundinamarca,3370,277.372106824926
25178,Chipaque,Cundinamarca,168,269.25
25181,Choachí,Cundinamarca,296,265.972972972973
25183,Chocontá,Cundinamarca,482,262.095435684647
25200,Cogua,Cundinamarca,610,265.081967213115
25214,Cota,Cundinamarca,1736,303.179723502304
25224,Cucunubá,Cundinamarca,166,248.698795180723
25245,El Colegio,Cundinamarca,512,245.55859375
25258,El Peñón,Cundinamarca,74,256.432432432432
25260,El Rosal,Cundinamarca,414,257.545893719807
25269,Facatativá,Cundinamarca,3264,272.111519607843
25279,Fomeque,Cundinamarca,234,257.324786324786
25281,Fosca,Cundinamarca,130,252.461538461538
25286,Funza,Cundinamarca,2780,267.718705035971
25288,Fúquene,Cundinamarca,164,262.621951219512
25290,Fusagasugá,Cundinamarca,3772,260.415164369035
25293,Gachala,Cundinamarca,86,240.325581395349
25295,Gachancipá,Cundinamarca,262,261.465648854962
25297,Gachetá,Cundinamarca,166,267.132530120482
25299,Gama,Cundinamarca,90,247.555555555556
25307,Girardot,Cundinamarca,2508,250.309409888357
25312,Granada,Cundinamarca,140,236.628571428571
25317,Guachetá,Cundinamarca,284,245.218309859155
25320,Guaduas,Cundinamarca,582,249.745704467354
25322,Guasca,Cundinamarca,374,261.016042780749
25324,Guataquí,Cundinamarca,44,215.272727272727
25326,Guatavita,Cundinamarca,98,266.285714285714
25328,Guayabal de Siquima,Cundinamarca,74,241.837837837838
25335,Guayabetal,Cundinamarca,138,248.753623188406
25339,Gutiérrez,Cundinamarca,64,218.71875
25368,Jerusalén,Cundinamarca,40,222.65
25372,Junín,Cundinamarca,136,237.514705882353
25377,La Calera,Cundinamarca,778,284.449871465296
25386,La Mesa,Cundinamarca,668,266.317365269461
25394,La Palma,Cundinamarca,222,238.720720720721
25398,La Peña,Cundinamarca,108,234.074074074074
25402,La Vega,Cundinamarca,340,260.576470588235
25407,Lenguazaque,Cundinamarca,144,262.625
25426,Macheta,Cundinamarca,134,259.34328358209
25430,Madrid,Cundinamarca,2480,269.065322580645
25436,Manta,Cundinamarca,86,248
25438,Medina,Cundinamarca,138,257.260869565217
25473,Mosquera,Cundinamarca,3336,279.45623501199
25483,Nariño,Cundinamarca,46,238.304347826087
25486,Nemocón,Cundinamarca,316,250.069620253165
25488,Nilo,Cundinamarca,182,260.78021978022
25489,Nimaima,Cundinamarca,72,222.166666666667
25491,Nocaima,Cundinamarca,90,259.088888888889
25506,Venecia,Cundinamarca,124,249.967741935484
25513,Pacho,Cundinamarca,588,252.384353741497
25518,Paime,Cundinamarca,68,231.558823529412
25524,Pandi,Cundinamarca,134,235.089552238806
25530,Paratebueno,Cundinamarca,136,242.691176470588
25535,Pasca,Cundinamarca,258,253.635658914729
25572,Puerto Salgar,Cundinamarca,340,256.570588235294
25580,Pulí,Cundinamarca,56,224.857142857143
25592,Quebradanegra,Cundinamarca,96,259.8125
25594,Quetame,Cundinamarca,220,245.927272727273
25596,Quipile,Cundinamarca,126,236.253968253968
25599,Apulo,Cundinamarca,110,223.436363636364
25612,Ricaurte,Cundinamarca,190,217.663157894737
25645,San Antonio del Tequendama,Cundinamarca,222,269.144144144144
25649,San Bernardo,Cundinamarca,262,236.625954198473
25653,San Cayetano,Cundinamarca,130,229.907692307692
25658,San Francisco,Cundinamarca,230,246.921739130435
25662,San Juan de Río Seco,Cundinamarca,194,246.773195876289
25718,Sasaima,Cundinamarca,276,246.731884057971
25736,Sesquilé,Cundinamarca,260,261.715384615385
25740,Sibaté,Cundinamarca,874,253.75057208238
25743,Silvania,Cundinamarca,520,239.411538461538
25745,Simijaca,Cundinamarca,330,263.381818181818
25754,Soacha,Cundinamarca,15654,258.898428516673
25758,Sopó,Cundinamarca,548,271.496350364964
25769,Subachoque,Cundinamarca,506,284.99209486166
25772,Suesca,Cundinamarca,350,247.32
25777,Supatá,Cundinamarca,138,239.420289855073
25779,Susa,Cundinamarca,154,239.324675324675
25781,Sutatausa,Cundinamarca,138,257.347826086957
25785,Tabio,Cundinamarca,592,272.074324324324
25793,Tausa,Cundinamarca,252,253.587301587302
25797,Tena,Cundinamarca,200,251.03
25799,Tenjo,Cundinamarca,782,283.677749360614
25805,Tibacuy,Cundinamarca,52,258.769230769231
25807,Tibirita,Cundinamarca,54,236.333333333333
25815,Tocaima,Cundinamarca,216,229.907407407407
25817,Tocancipá,Cundinamarca,942,263.91932059448
25823,Topaipí,Cundinamarca,92,225.413043478261
25839,Ubalá,Cundinamarca,200,240.78
25841,Ubaque,Cundinamarca,170,243.752941176471
25843,Villa de San Diego de Ubate,Cundinamarca,1340,260.344776119403
25845,Une,Cundinamarca,160,239.9625
25851,Útica,Cundinamarca,94,236.234042553192
25862,Vergara,Cundinamarca,94,253.595744680851
25867,Vianí,Cundinamarca,82,258.365853658537
25871,Villagómez,Cundinamarca,44,264.818181818182
25873,Villapinzón,Cundinamarca,592,262.148648648649
25875,Villeta,Cundinamarca,598,248.555183946488
25878,Viotá,Cundinamarca,348,243.620689655172
25885,Yacopí,Cundinamarca,212,238.528301886793
25898,Zipacón,Cundinamarca,136,245.191176470588
25899,Zipaquirá,Cundinamarca,2862,276.569531795947
27001,Quibdó,Chocó,3356,220.799165673421
27006,Acandí,Chocó,194,219.051546391753
27025,Alto Baudo,Chocó,232,176.284482758621
27050,Atrato,Chocó,148,196.986486486487
27073,Bagadó,Chocó,188,183.106382978723
27075,Bahía Solano,Chocó,250,197.896
27077,Bajo Baudó,Chocó,260,191.8
27099,Bojaya,Chocó,240,170.316666666667
27135,El Cantón del San Pablo,Chocó,78,201.025641025641
27150,Carmen del Darien,Chocó,142,197.774647887324
27160,Cértegui,Chocó,106,202.018867924528
27205,Condoto,Chocó,408,207.127450980392
27245,El Carmen de Atrato,Chocó,192,214.979166666667
27250,El Litoral del San Juan,Chocó,250,172.16
27361,Istmina,Chocó,874,223.718535469108
27372,Juradó,Chocó,44,169.318181818182
27413,Lloró,Chocó,136,183.573529411765
27425,Medio Atrato,Chocó,20,181
27430,Medio Baudó,Chocó,94,192.893617021277
27450,Medio San Juan,Chocó,212,189.075471698113
27491,Nóvita,Chocó,104,201.423076923077
27495,Nuquí,Chocó,118,187.271186440678
27580,Río Iro,Chocó,110,180.327272727273
27600,Río Quito,Chocó,186,181.516129032258
27615,Riosucio,Chocó,518,191.80694980695
27660,San José del Palmar,Chocó,46,245
27745,Sipí,Chocó,32,188.375
27787,Tadó,Chocó,480,196.108333333333
27800,Unguía,Chocó,180,209.888888888889
27810,Unión Panamericana,Chocó,132,203.772727272727
41001,Neiva,Huila,8020,267.000498753117
41006,Acevedo,Huila,724,244.665745856354
41013,Agrado,Huila,176,246.670454545455
41016,Aipe,Huila,402,218.840796019901
41020,Algeciras,Huila,350,263.788571428571
41026,Altamira,Huila,78,253.230769230769
41078,Baraya,Huila,98,245.102040816327
41132,Campoalegre,Huila,706,234.804532577904
41206,Colombia,Huila,96,247.958333333333
41244,Elías,Huila,114,255.964912280702
41298,Garzón,Huila,2050,249.096585365854
41306,Gigante,Huila,618,252.614886731392
41319,Guadalupe,Huila,488,233.610655737705
41349,Hobo,Huila,98,240.163265306122
41357,Iquira,Huila,248,238.314516129032
41359,Isnos,Huila,872,240.341743119266
41378,La Argentina,Huila,238,272.193277310924
41396,La Plata,Huila,1480,241.590540540541
41483,Nátaga,Huila,194,225.319587628866
41503,Oporapa,Huila,288,245.555555555556
41518,Paicol,Huila,196,248.081632653061
41524,Palermo,Huila,810,257.587654320988
41530,Palestina,Huila,220,251.890909090909
41548,Pital,Huila,340,238.341176470588
41551,Pitalito,Huila,3194,271.013775829681
41615,Rivera,Huila,624,265.679487179487
41660,Saladoblanco,Huila,216,250.222222222222
41668,San Agustín,Huila,676,248.837278106509
41676,Santa María,Huila,264,242.060606060606
41770,Suaza,Huila,470,232.651063829787
41791,Tarqui,Huila,620,234.593548387097
41797,Tesalia,Huila,240,240.925
41799,Tello,Huila,246,240.439024390244
41801,Teruel,Huila,86,255.976744186047
41807,Timaná,Huila,546,242.564102564103
41872,Villavieja,Huila,114,243.649122807018
41885,Yaguará,Huila,156,244.653846153846
44001,Riohacha,La Guajira,5424,233.558628318584
44035,Albania,La Guajira,626,206.603833865815
44078,Barrancas,La Guajira,848,216.313679245283
44090,Dibulla,La Guajira,538,214.565055762082
44098,Distracción,La Guajira,268,201.5
44110,El Molino,La Guajira,162,222.037037037037
44279,Fonseca,La Guajira,1146,232.82722513089
44378,Hatonuevo,La Guajira,456,210.328947368421
44420,La Jagua del Pilar,La Guajira,54,231.185185185185
44430,Maicao,La Guajira,4536,226.849647266314
44560,Manaure,La Guajira,1332,187.954954954955
44650,San Juan del Cesar,La Guajira,1140,232.621052631579
44847,Uribia,La Guajira,2206,193.603807796918
44855,Urumita,La Guajira,198,252.777777777778
44874,Villanueva,La Guajira,586,240.98976109215
47001,Santa Marta,Magdalena,13368,243.662926391382
47030,Algarrobo,Magdalena,388,205.489690721649
47053,Aracataca,Magdalena,814,211.710073710074
47058,Ariguaní,Magdalena,824,228.635922330097
47161,Cerro San Antonio,Magdalena,190,192.4
47170,Chibolo,Magdalena,476,214.617647058824
47189,Ciénaga,Magdalena,2684,221.551415797317
47205,Concordia,Magdalena,340,206.958823529412
47245,El Banco,Magdalena,1582,223.042983565107
47258,El Piñon,Magdalena,416,205.639423076923
47268,El Retén,Magdalena,582,210.917525773196
47288,Fundación,Magdalena,2252,227.817051509769
47318,Guamal,Magdalena,700,219.274285714286
47460,Nueva Granada,Magdalena,358,215.893854748603
47541,Pedraza,Magdalena,204,207.392156862745
47545,Pijiño del Carmen,Magdalena,368,214.923913043478
47551,Pivijay,Magdalena,846,227.200945626478
47555,Plato,Magdalena,1338,219.641255605381
47570,Puebloviejo,Magdalena,506,193.675889328063
47605,Remolino,Magdalena,140,201.228571428571
47660,Sabanas de San Angel,Magdalena,372,206.838709677419
47675,Salamina,Magdalena,214,214.766355140187
47692,San Sebastián de Buenavista,Magdalena,690,234.04347826087
47703,San Zenón,Magdalena,328,216.176829268293
47707,Santa Ana,Magdalena,680,216.379411764706
47720,Santa Bárbara de Pinto,Magdalena,340,202.652941176471
47745,Sitionuevo,Magdalena,400,206.195
47798,Tenerife,Magdalena,336,211.678571428571
47960,Zapayán,Magdalena,194,223.278350515464
47980,Zona Bananera,Magdalena,1778,202.573678290214
50001,Villavicencio,Meta,12148,260.12248929865
50006,Acacías,Meta,1912,263.255230125523
50110,Barranca de Upía,Meta,156,216.358974358974
50124,Cabuyaro,Meta,100,233.98
50150,Castilla la Nueva,Meta,362,242.685082872928
50223,Cubarral,Meta,146,244.794520547945
50226,Cumaral,Meta,624,252.477564102564
50245,El Calvario,Meta,40,242.75
50251,El Castillo,Meta,150,237.92
50270,El Dorado,Meta,180,231.188888888889
50287,Fuente de Oro,Meta,164,229.792682926829
50313,Granada,Meta,1918,251.287799791449
50318,Guamal,Meta,338,249.781065088757
50325,Mapiripán,Meta,158,198.101265822785
50330,Mesetas,Meta,200,226.65
50350,La Macarena,Meta,252,236.746031746032
50370,Uribe,Meta,242,219.239669421488
50400,Lejanías,Meta,284,243.323943661972
50450,Puerto Concordia,Meta,198,223.868686868687
50568,Puerto Gaitán,Meta,860,222.73488372093
50573,Puerto López,Meta,790,251.227848101266
50577,Puerto Lleras,Meta,156,222.602564102564
50590,Puerto Rico,Meta,216,224.453703703704
50606,Restrepo,Meta,608,264.690789473684
50680,San Carlos de Guaroa,Meta,236,234.330508474576
50683,San Juan de Arama,Meta,168,240.976190476191
50686,San Juanito,Meta,20,235.4
50689,San Martín,Meta,434,251.05069124424
50711,Vistahermosa,Meta,400,233.715
52001,Pasto,Nariño,9090,273.19603960396
52019,Albán,Nariño,224,247.526785714286
52022,Aldana,Nariño,202,253.821782178218
52036,Ancuyá,Nariño,170,245.541176470588
52051,Arboleda,Nariño,178,239.269662921348
52079,Barbacoas,Nariño,624,196.836538461538
52083,Belén,Nariño,138,265.927536231884
52110,Buesaco,Nariño,422,255.767772511848
52203,Colón,Nariño,132,249.893939393939
52207,Consaca,Nariño,260,242.538461538462
52210,Contadero,Nariño,102,257.803921568627
52215,Córdoba,Nariño,342,255.497076023392
52224,Cuaspud,Nariño,108,241.703703703704
52227,Cumbal,Nariño,1068,234.507490636704
52233,Cumbitara,Nariño,200,237.27
52240,Chachagüí,Nariño,226,242.991150442478
52250,El Charco,Nariño,492,191.447154471545
52254,El Peñol,Nariño,146,264.465753424658
52256,El Rosario,Nariño,138,230.275362318841
52258,El Tablón de Gómez,Nariño,356,252.455056179775
52260,El Tambo,Nariño,336,252.720238095238
52287,Funes,Nariño,120,262.766666666667
52317,Guachucal,Nariño,362,270.502762430939
52320,Guaitarilla,Nariño,234,251.307692307692
52323,Gualmatán,Nariño,180,275.022222222222
52352,Iles,Nariño,174,246.988505747126
52354,Imués,Nariño,158,263.405063291139
52356,Ipiales,Nariño,3182,264.983658076681
52378,La Cruz,Nariño,470,239.88085106383
52381,La Florida,Nariño,192,255.40625
52385,La Llanada,Nariño,120,261.166666666667
52390,La Tola,Nariño,182,188.428571428571
52399,La Unión,Nariño,800,251.1375
52405,Leiva,Nariño,174,237.045977011494
52411,Linares,Nariño,158,263.721518987342
52418,Los Andes,Nariño,236,254.635593220339
52427,Magüi,Nariño,128,191.328125
52435,Mallama,Nariño,202,228.742574257426
52473,Mosquera,Nariño,114,200.350877192982
52480,Nariño,Nariño,88,247.409090909091
52490,Olaya Herrera,Nariño,358,205.659217877095
52506,Ospina,Nariño,104,260.096153846154
52520,Francisco Pizarro,Nariño,122,198.44262295082
52540,Policarpa,Nariño,280,230.55
52560,Potosí,Nariño,228,266.684210526316
52565,Providencia,Nariño,104,233.596153846154
52573,Puerres,Nariño,192,274.447916666667
52585,Pupiales,Nariño,458,260.113537117904
52612,Ricaurte,Nariño,368,223.532608695652
52621,Roberto Payán,Nariño,144,185.916666666667
52678,Samaniego,Nariño,570,255.045614035088
52683,Sandoná,Nariño,464,276.245689655172
52685,San Bernardo,Nariño,140,266.671428571429
52687,San Lorenzo,Nariño,386,233.59585492228
52693,San Pablo,Nariño,316,259.537974683544
52694,San Pedro de Cartago,Nariño,112,253.107142857143
52696,Santa Bárbara,Nariño,80,191.825
52699,Santacruz,Nariño,142,233.394366197183
52720,Sapuyes,Nariño,168,261.142857142857
52786,Taminango,Nariño,382,243.366492146597
52788,Tangua,Nariño,178,250.056179775281
52835,San Andres de Tumaco,Nariño,4246,201.057936881771
52838,Túquerres,Nariño,918,257.082788671024
52885,Yacuanquer,Nariño,222,249.828828828829
54001,Cúcuta,Norte de Santander,17762,265.316856209886
54003,Abrego,Norte de Santander,450,250.786666666667
54051,Arboledas,Norte de Santander,178,240.775280898876
54099,Bochalema,Norte de Santander,190,259.978947368421
54109,Bucarasica,Norte de Santander,74,228.135135135135
54125,Cácota,Norte de Santander,52,249.192307692308
54128,Cachirá,Norte de Santander,190,234.957894736842
54172,Chinácota,Norte de Santander,436,265.862385321101
54174,Chitagá,Norte de Santander,186,247.408602150538
54206,Convención,Norte de Santander,332,234.451807228916
54223,Cucutilla,Norte de Santander,188,228.840425531915
54239,Durania,Norte de Santander,100,243.56
54245,El Carmen,Norte de Santander,174,239.241379310345
54250,El Tarra,Norte de Santander,464,219.508620689655
54261,El Zulia,Norte de Santander,552,232.702898550725
54313,Gramalote,Norte de Santander,138,246.855072463768
54344,Hacarí,Norte de Santander,118,233.457627118644
54347,Herrán,Norte de Santander,60,260.8
54377,Labateca,Norte de Santander,146,244.054794520548
54385,La Esperanza,Norte de Santander,238,233.235294117647
54398,La Playa,Norte de Santander,136,245.014705882353
54405,Los Patios,Norte de Santander,1684,263.675771971496
54418,Lourdes,Norte de Santander,66,253.090909090909
54480,Mutiscua,Norte de Santander,36,277.666666666667
54498,Ocaña,Norte de Santander,2332,268.565180102916
54518,Pamplona,Norte de Santander,1038,291.001926782274
54520,Pamplonita,Norte de Santander,116,248.672413793104
54553,Puerto Santander,Norte de Santander,178,217.292134831461
54599,Ragonvalia,Norte de Santander,108,251.185185185185
54660,Salazar,Norte de Santander,216,245.425925925926
54670,San Calixto,Norte de Santander,96,226.0625
54673,San Cayetano,Norte de Santander,124,244.483870967742
54680,Santiago,Norte de Santander,76,262.289473684211
54720,Sardinata,Norte de Santander,516,237.740310077519
54743,Silos,Norte de Santander,114,263.771929824561
54800,Teorama,Norte de Santander,340,234.705882352941
54810,Tibú,Norte de Santander,936,226.15811965812
54820,Toledo,Norte de Santander,400,244.815
54871,Villa Caro,Norte de Santander,74,244.675675675676
54874,Villa del Rosario,Norte de Santander,2008,258.541832669323
63001,Armenia,Quindio,5950,269.578487394958
63111,Buenavista,Quindio,50,240.68
63130,Calarca,Quindio,1434,262.450488145049
63190,Circasia,Quindio,562,253.818505338078
63212,Córdoba,Quindio,120,231.033333333333
63272,Filandia,Quindio,302,260.715231788079
63302,Génova,Quindio,174,236.609195402299
63401,La Tebaida,Quindio,854,239.524590163934
63470,Montenegro,Quindio,750,240.213333333333
63548,Pijao,Quindio,198,250.909090909091
63594,Quimbaya,Quindio,684,247.470760233918
63690,Salento,Quindio,232,271.560344827586
66001,Pereira,Risaralda,10370,259.97531340405
66045,Apía,Risaralda,312,225.224358974359
66075,Balboa,Risaralda,108,226.314814814815
66088,Belén de Umbría,Risaralda,580,225.920689655172
66170,Dosquebradas,Risaralda,3646,268.692265496434
66318,Guática,Risaralda,362,229.276243093923
66383,La Celia,Risaralda,166,223.397590361446
66400,La Virginia,Risaralda,584,242.301369863014
66440,Marsella,Risaralda,302,236.238410596027
66456,Mistrató,Risaralda,244,217.967213114754
66572,Pueblo Rico,Risaralda,274,191.85401459854
66594,Quinchía,Risaralda,832,233.478365384615
66682,Santa Rosa de Cabal,Risaralda,1340,256.79552238806
66687,Santuario,Risaralda,218,242.559633027523
68001,Bucaramanga,Santander,12844,280.718779196512
68013,Aguada,Santander,32,266.9375
68020,Albania,Santander,88,244.090909090909
68051,Aratoca,Santander,234,244.735042735043
68077,Barbosa,Santander,954,253.616352201258
68079,Barichara,Santander,202,269.039603960396
68081,Barrancabermeja,Santander,4688,263.168515358362
68092,Betulia,Santander,48,267.25
68101,Bolívar,Santander,238,243.504201680672
68121,Cabrera,Santander,52,280.038461538462
68132,California,Santander,42,261.380952380952
68147,Capitanejo,Santander,202,245.029702970297
68152,Carcasí,Santander,118,250.932203389831
68160,Cepitá,Santander,48,243.25
68162,Cerrito,Santander,186,261.41935483871
68167,Charalá,Santander,388,281.262886597938
68169,Charta,Santander,36,254.111111111111
68176,Chima,Santander,52,247.076923076923
68179,Chipatá,Santander,102,256.980392156863
68190,Cimitarra,Santander,802,233.062344139651
68207,Concepción,Santander,104,277.115384615385
68209,Confines,Santander,40,238.45
68211,Contratación,Santander,94,277.765957446809
68217,Coromoro,Santander,106,260.716981132076
68229,Curití,Santander,326,249.760736196319
68235,El Carmen de Chucurí,Santander,300,242.44
68245,El Guacamayo,Santander,46,265.782608695652
68250,El Peñón,Santander,118,234.677966101695
68255,El Playón,Santander,296,240.817567567568
68264,Encino,Santander,20,255
68266,Enciso,Santander,90,263.8
68271,Florián,Santander,116,241.258620689655
68276,Floridablanca,Santander,5550,281.667027027027
68296,Galán,Santander,70,251.914285714286
68298,Gambita,Santander,68,260.705882352941
68307,Girón,Santander,3148,270.133418043202
68318,Guaca,Santander,128,244.1875
68320,Guadalupe,Santander,152,265.631578947368
68322,Guapotá,Santander,52,260.884615384615
68324,Guavatá,Santander,50,240.24
68327,Güepsa,Santander,84,261.452380952381
68344,Hato,Santander,56,248.107142857143
68368,Jesús María,Santander,66,250.515151515152
68370,Jordán,Santander,38,257
68377,La Belleza,Santander,104,252.576923076923
68385,Landázuri,Santander,232,239.76724137931
68397,La Paz,Santander,84,254.547619047619
68406,Lebríja,Santander,1094,254.319926873857
68418,Los Santos,Santander,290,242.089655172414
68425,Macaravita,Santander,54,252.777777777778
68432,Málaga,Santander,710,273.802816901408
68444,Matanza,Santander,118,250.796610169492
68464,Mogotes,Santander,248,241.411290322581
68468,Molagavita,Santander,92,236.130434782609
68498,Ocamonte,Santander,98,257.265306122449
68500,Oiba,Santander,298,261.489932885906
68502,Onzaga,Santander,84,240.785714285714
68522,Palmar,Santander,54,271.592592592593
68524,Palmas del Socorro,Santander,48,268.791666666667
68533,Páramo,Santander,100,277.42
68547,Piedecuesta,Santander,4132,270.562923523717
68549,Pinchote,Santander,88,254.977272727273
68572,Puente Nacional,Santander,596,269.530201342282
68573,Puerto Parra,Santander,172,226.523255813953
68575,Puerto Wilches,Santander,698,229.042979942693
68615,Rionegro,Santander,620,241.083870967742
68655,Sabana de Torres,Santander,834,241.268585131895
68669,San Andrés,Santander,268,248.888059701493
68673,San Benito,Santander,40,241.65
68679,San Gil,Santander,2100,258.835238095238
68682,San Joaquín,Santander,78,241.846153846154
68684,San José de Miranda,Santander,104,267.057692307692
68686,San Miguel,Santander,66,274.606060606061
68689,San Vicente de Chucurí,Santander,630,263.768253968254
68705,Santa Bárbara,Santander,42,267.809523809524
68720,Santa Helena del Opón,Santander,66,254.333333333333
68745,Simacota,Santander,180,246.233333333333
68755,Socorro,Santander,1226,260.225122349103
68770,Suaita,Santander,254,253.212598425197
68773,Sucre,Santander,146,248.684931506849
68780,Suratá,Santander,90,268.155555555556
68820,Tona,Santander,146,252.082191780822
68855,Valle de San José,Santander,128,253.546875
68861,Vélez,Santander,454,257.797356828194
68867,Vetas,Santander,26,263.692307692308
68872,Villanueva,Santander,146,274.808219178082
68895,Zapatoca,Santander,244,250.819672131148
70001,Sincelejo,Sucre,7716,253.715396578538
70110,Buenavista,Sucre,228,229.078947368421
70124,Caimito,Sucre,296,206.202702702703
70204,Colosó,Sucre,164,230.853658536585
70215,Corozal,Sucre,2016,257.545634920635
70221,Coveñas,Sucre,368,233.402173913043
70230,Chalán,Sucre,90,212.022222222222
70233,El Roble,Sucre,270,236.740740740741
70235,Galeras,Sucre,592,237.861486486487
70265,Guaranda,Sucre,248,216.975806451613
70400,La Unión,Sucre,324,239.481481481482
70418,Los Palmitos,Sucre,550,217.149090909091
70429,Majagual,Sucre,928,210.193965517241
70473,Morroa,Sucre,204,233.725490196078
70508,Ovejas,Sucre,514,221.400778210117
70523,Palmito,Sucre,396,212.388888888889
70670,Sampués,Sucre,1364,221.25073313783
70678,San Benito Abad,Sucre,480,205.483333333333
70702,San Juan de Betulia,Sucre,306,221.019607843137
70708,San Marcos,Sucre,1492,223.769436997319
70713,San Onofre,Sucre,1200,207.331666666667
70717,San Pedro,Sucre,454,243.687224669604
70742,Sincé,Sucre,546,237.322344322344
70771,Sucre,Sucre,450,220.377777777778
70820,Santiago de Tolú,Sucre,686,237.043731778426
70823,Toluviejo,Sucre,510,226.266666666667
73001,Ibagué,Tolima,13462,260.5709404249
73024,Alpujarra,Tolima,100,244.18
73026,Alvarado,Tolima,186,236.94623655914
73030,Ambalema,Tolima,90,237.311111111111
73043,Anzoátegui,Tolima,184,229.391304347826
73055,Armero,Tolima,242,227.537190082645
73067,Ataco,Tolima,322,216.490683229814
73124,Cajamarca,Tolima,448,240.933035714286
73148,Carmen de Apicalá,Tolima,276,228.840579710145
73152,Casabianca,Tolima,96,237.333333333333
73168,Chaparral,Tolima,1166,232.231560891938
73200,Coello,Tolima,170,218.564705882353
73217,Coyaima,Tolima,642,202.442367601246
73226,Cunday,Tolima,168,232.345238095238
73236,Dolores,Tolima,186,237.677419354839
73268,Espinal,Tolima,1674,241.686977299881
73270,Falan,Tolima,178,238.033707865169
73275,Flandes,Tolima,576,220.576388888889
73283,Fresno,Tolima,676,250.195266272189
73319,Guamo,Tolima,732,220
73347,Herveo,Tolima,110,269.545454545455
73349,Honda,Tolima,480,242.254166666667
73352,Icononzo,Tolima,272,240.426470588235
73408,Lérida,Tolima,434,225.110599078341
73411,Líbano,Tolima,792,255.032828282828
73443,Mariquita,Tolima,858,246.037296037296
73449,Melgar,Tolima,974,244.334702258727
73461,Murillo,Tolima,64,240.46875
73483,Natagaima,Tolima,424,223.38679245283
73504,Ortega,Tolima,706,216.490084985836
73520,Palocabildo,Tolima,210,242.285714285714
73547,Piedras,Tolima,104,238.788461538462
73555,Planadas,Tolima,494,224.404858299595
73563,Prado,Tolima,176,221.693181818182
73585,Purificación,Tolima,562,224
73616,Rioblanco,Tolima,446,218.318385650224
73622,Roncesvalles,Tolima,106,226.377358490566
73624,Rovira,Tolima,654,226.932721712538
73671,Saldaña,Tolima,324,220.432098765432
73675,San Antonio,Tolima,422,225.791469194313
73678,San Luis,Tolima,296,238.067567567568
73686,Santa Isabel,Tolima,102,235.745098039216
73770,Suárez,Tolima,56,236.5
73854,Valle de San Juan,Tolima,136,227.764705882353
73861,Venadillo,Tolima,334,226.311377245509
73870,Villahermosa,Tolima,198,257.090909090909
73873,Villarrica,Tolima,108,225.462962962963
76001,Cali,Valle del Cauca,33702,249.98225624592
76020,Alcalá,Valle del Cauca,308,223.422077922078
76036,Andalucía,Valle del Cauca,394,239.451776649746
76041,Ansermanuevo,Valle del Cauca,244,240.901639344262
76054,Argelia,Valle del Cauca,146,212.575342465753
76100,Bolívar,Valle del Cauca,258,249.550387596899
76109,Buenaventura,Valle del Cauca,7376,219.423535791757
76111,Guadalajara de Buga,Valle del Cauca,2112,264.948863636364
76113,Bugalagrande,Valle del Cauca,472,237.75
76122,Caicedonia,Valle del Cauca,560,241.396428571429
76126,Calima El Darien,Valle del Cauca,434,262.470046082949
76130,Candelaria,Valle del Cauca,1728,244.541666666667
76147,Cartago,Valle del Cauca,2822,252.636428065202
76233,Dagua,Valle del Cauca,700,231.868571428571
76243,El Águila,Valle del Cauca,196,234.826530612245
76246,El Cairo,Valle del Cauca,122,234.27868852459
76248,El Cerrito,Valle del Cauca,1032,242.96511627907
76250,El Dovio,Valle del Cauca,144,264.472222222222
76275,Florida,Valle del Cauca,1384,251.089595375723
76306,Ginebra,Valle del Cauca,620,257.064516129032
76318,Guacarí,Valle del Cauca,708,239.161016949153
76364,Jamundí,Valle del Cauca,2702,254.358253145818
76377,La Cumbre,Valle del Cauca,244,253.16393442623
76400,La Unión,Valle del Cauca,792,249.661616161616
76403,La Victoria,Valle del Cauca,280,228.071428571429
76497,Obando,Valle del Cauca,166,215.602409638554
76520,Palmira,Valle del Cauca,6162,262.924699772801
76563,Pradera,Valle del Cauca,940,249.444680851064
76606,Restrepo,Valle del Cauca,450,244.093333333333
76616,Riofrío,Valle del Cauca,324,232.518518518519
76622,Roldanillo,Valle del Cauca,926,249.053995680346
76670,San Pedro,Valle del Cauca,370,240.718918918919
76736,Sevilla,Valle del Cauca,732,255.128415300546
76823,Toro,Valle del Cauca,324,235.512345679012
76828,Trujillo,Valle del Cauca,406,237.428571428571
76834,Tuluá,Valle del Cauca,4604,260.085577758471
76845,Ulloa,Valle del Cauca,114,241.40350877193
76863,Versalles,Valle del Cauca,118,247.525423728814
76869,Vijes,Valle del Cauca,216,233.444444444445
76890,Yotoco,Valle del Cauca,284,245.669014084507
76892,Yumbo,Valle del Cauca,2138,246.746492048644
76895,Zarzal,Valle del Cauca,944,236.970338983051
81001,Arauca,Arauca,2280,240.785087719298
81065,Arauquita,Arauca,942,233.116772823779
81220,Cravo Norte,Arauca,124,234.306451612903
81300,Fortul,Arauca,498,243.40562248996
81591,Puerto Rondón,Arauca,106,217.849056603774
81736,Saravena,Arauca,1336,247.788922155689
81794,Tame,Arauca,1346,244.002971768202
85001,Yopal,Casanare,5116,258.537138389367
85010,Aguazul,Casanare,908,260.308370044053
85015,Chameza,Casanare,64,243.34375
85125,Hato Corozal,Casanare,290,234.379310344828
85136,La Salina,Casanare,28,238.142857142857
85139,Maní,Casanare,310,243.116129032258
85162,Monterrey,Casanare,390,252.676923076923
85225,Nunchía,Casanare,172,246.918604651163
85230,Orocué,Casanare,272,241.404411764706
85250,Paz de Ariporo,Casanare,890,250.620224719101
85263,Pore,Casanare,298,245.107382550336
85279,Recetor,Casanare,40,249.1
85300,Sabanalarga,Casanare,86,246.023255813954
85315,Sácama,Casanare,34,250.529411764706
85325,San Luis de Palenque,Casanare,116,256.931034482759
85400,Támara,Casanare,146,248.150684931507
85410,Tauramena,Casanare,676,253.340236686391
85430,Trinidad,Casanare,340,237.505882352941
85440,Villanueva,Casanare,882,248.936507936508
86001,Mocoa,Putumayo,1526,253.963302752294
86219,Colón,Putumayo,118,249.118644067797
86320,Orito,Putumayo,962,233.692307692308
86568,Puerto Asís,Putumayo,1406,237.658605974395
86569,Puerto Caicedo,Putumayo,214,233.364485981308
86571,Puerto Guzmán,Putumayo,260,228.007692307692
86573,Leguízamo,Putumayo,362,219.906077348066
86749,Sibundoy,Putumayo,562,252.163701067616
86755,San Francisco,Putumayo,160,242.025
86757,San Miguel,Putumayo,466,223.386266094421
86760,Santiago,Putumayo,132,220.409090909091
86865,Valle del Guamuez,Putumayo,930,239.735483870968
86885,Villagarzón,Putumayo,650,240.344615384615
88001,San Andrés,"Archipiélago de San Andrés, Providencia y Santa Catalina",1048,239.520992366412
88564,Providencia,"Archipiélago de San Andrés, Providencia y Santa Catalina",106,216.245283018868
91001,Leticia,Amazonas,1280,222.3828125
91263,El Encanto,Amazonas,22,198.272727272727
91405,La Chorrera,Amazonas,54,200.37037037037
91407,La Pedrera,Amazonas,50,187.56
91460,Miriti - Paraná,Amazonas,36,184
91540,Puerto Nariño,Amazonas,132,187.19696969697
91669,Puerto Santander,Amazonas,30,202.733333333333
91798,Tarapacá,Amazonas,42,192.571428571429
94001,Inírida,Guainía,550,235.832727272727
94343,Barranco Minas,Guainía,152,192.565789473684
94663,Mapiripana,Guainía,32,188.25
94883,San Felipe,Guainía,18,215.333333333333
94887,Pana Pana,Guainía,14,208.571428571429
94888,Morichal,Guainía,12,216.833333333333
95001,San José del Guaviare,Guaviare,1544,232.49481865285
95015,Calamar,Guaviare,194,220.958762886598
95025,El Retorno,Guaviare,304,217.940789473684
95200,Miraflores,Guaviare,56,213.428571428571
97001,Mitú,Vaupés,784,215.783163265306
97511,Pacoa,Vaupés,58,192.689655172414
97889,Yavaraté,Vaupés,26,196.692307692308
99001,Puerto Carreño,Vichada,482,227.933609958506
99524,La Primavera,Vichada,222,237.54954954955
99624,Santa Rosalía,Vichada,72,223.722222222222
99773,Cumaribo,Vichada,442,196.16742081448
