x,y
4868776.19140636,2068484.75309715
4868592.05849944,2068407.62600994
4874045.80028947,2068186.48901664
4874226.81853185,2067031.68121661
4871154.41021508,2071023.01688226
4871209.82247045,2071185.19130694
4871257.39815396,2071263.70458676
4875574.44943786,2069947.94711637
4872885.05662458,2066348.14656041
4872891.71372191,2066339.80402779
4872686.43943683,2068980.73637363
4871066.02427752,2070058.60580535
4870647.84192867,2069702.38945386
4871855.99711988,2068397.3781537
4871497.5324167,2069080.22755495
4872100.12061406,2068777.2297188
4871281.42435922,2068810.19711553
4870117.90043641,2069880.5387817
4869266.58864278,2067962.74808424
4870132.10272441,2067380.43086322
4869824.5365516,2067556.08605818
4871557.79424835,2068791.03073484
4871057.62946148,2068771.18050921
4870743.4190202,2068226.17974749
4871227.87083603,2068289.58369487
4870332.27336231,2067636.80301453
4874998.98029738,2069938.15834631
4875172.03538043,2070305.26055093
4871992.96189906,2067785.42010959
4872431.82274781,2068258.89575052
4873418.82102837,2068374.03446108
4873495.95790652,2067460.35298412
4872165.12207599,2070108.32623976
4872326.97309837,2070259.11002015
4874025.20463859,2066943.07513453
4871578.3121741,2068330.19957834
4872647.44147704,2066814.50469857
4873512.24620555,2068634.27324157
4874107.43433362,2068092.08440392
4872997.7649775,2068587.97305509
4872872.16998003,2068819.02538011
4872763.82402807,2068481.10316587
4869981.18165408,2068301.45839672
4871774.63376721,2069128.92770248
4872190.21689389,2069328.60634979
4872302.41894886,2068815.80650682
4872371.46553637,2069088.12528428
4869390.05800331,2068230.86923799
4869944.72278436,2069198.98845
4869942.81550493,2069234.64624037
4870600.83215727,2070455.84446356
4871063.16502531,2067392.06709476
4870888.32699017,2067319.20934965
4871349.95709354,2070879.2380327
4875006.27392173,2068681.45477375
4874962.32124053,2068653.34545008
4873153.43633761,2070589.5414882
4874124.53147774,2071999.03066175
4873392.40730898,2070866.78697984
4870588.55178834,2067041.2875059
4870690.73905586,2067629.33576751
4873192.06764018,2067254.54524931
4873487.32180554,2066786.02983485
4870555.48775197,2070852.42364761
4870321.711903,2070902.10077281
4870788.80843657,2070817.79103452
4869921.44800148,2071414.68091257
4869735.95656712,2071006.06999355
4870021.56376263,2070253.18133743
4869664.89069788,2069230.56864502
4871852.72493386,2071356.02240256
4872749.7836822,2072432.01851263
4870751.31942818,2071726.48141188
4873640.89549763,2071766.84460232
4873661.366435,2072208.79475188
4870967.13064018,2071078.22293688
4869395.94251843,2070392.25555579
4869767.04739319,2070123.83031613
4872989.97298447,2070188.04732179
4874764.76493245,2068808.77292411
4871823.61984491,2072700.06768169
4869664.89415904,2068313.08724237
4871808.7179143,2067080.87937094
4870004.10128553,2070071.94540137
4873679.52938183,2071009.58383074
4872706.36978575,2068748.3371795
4872767.20315238,2070051.1346623
4872005.56954203,2068523.27357877
4872405.30198071,2067355.26898238
4874640.00337641,2069961.91637867
4871385.70488557,2068834.80014739
4871730.70433351,2067344.67611122
4872526.33770676,2069416.20902652
4874066.96597796,2069305.1894929
4871974.45266033,2068384.6048292
4873170.17038806,2066156.99743977
4874177.49501546,2069350.55626535
4873108.02437705,2069379.90338161
4874677.36784784,2067640.98442622
4872074.26132204,2067770.31958058
4871033.0119392,2068508.02474827
4873384.74559378,2067679.12820409
4872848.3259345,2068035.54313108
4874474.10112445,2069099.59843731
4872000.70420468,2069430.35401231
4873186.765866,2069624.97888812
4873754.49641939,2066686.91879836
4871750.27817017,2069002.81324944
4872901.11783693,2068976.65044198
4873225.1603713,2069149.20286173
4871098.59673693,2068686.17562775
4874900.49195054,2069487.35227415
4870003.20759502,2067386.45330052
4869856.83269735,2067824.58016754
4870422.05430946,2068040.69814901
4870332.7557965,2068017.13171112
4870900.87219995,2070311.19695883
4874111.37729713,2067275.46801387
4870486.03554174,2067641.13510454
4870746.31740233,2070460.1651803
4869883.04727227,2067644.03805567
4869983.16505087,2068528.54695598
4870006.32291441,2069038.14776058
4870310.25349695,2067957.4348135
4870684.44995709,2070572.20724051
4870947.82160131,2070621.70778082
4872555.91384104,2066467.75097193
4873291.89147248,2070456.86596795
4869694.26977888,2067286.9282857
4871567.97063096,2070867.41278108
4874128.29757123,2066863.54856527
4872944.49912748,2068540.27663291
4874094.35682389,2069575.19290712
4874795.82126891,2068375.52420281
4871905.67996762,2067786.32742698
4875121.63271972,2070222.49096737
4874255.73178254,2072087.63883727
4873684.35041249,2070147.22317048
4871625.86701335,2067568.86492362
4870704.63286144,2070515.27835009
4872359.16241125,2069185.63124003
4871457.16107547,2068311.90072541
4873573.11403788,2066643.49285423
4869631.29838559,2068006.22995746
4872766.91770248,2069616.11824527
4872180.55536803,2066988.35226065
4870969.92335564,2068610.01099904
4869833.47381045,2067690.79343605
4869651.61030984,2068485.0749313
4873445.49104777,2069754.13539081
4871243.39425634,2070572.30311418
4872333.62356191,2066947.26734837
4871911.9333242,2069533.99420581
4870896.26881399,2069191.81168819
4873763.28285392,2071155.97085323
4869921.71856494,2067430.20946364
4873971.37503833,2071264.1518367
4870385.72121669,2070068.21383798
4869347.39281217,2071335.30700105
4873489.33683904,2071034.78514296
4874734.9507483,2067844.38923487
4874685.60636404,2070100.44404021
4874087.50761073,2069348.14778846
4873935.22507763,2071184.80733925
4870363.23570269,2067267.72872294
4870812.9118562,2067926.2476244
4870501.44861145,2067840.47757191
4869580.44002189,2067651.98746308
4870907.58088728,2070223.93877462
4873772.97626263,2068583.42110772
4874159.39422834,2071057.59614739
4870058.67258183,2069085.76778159
4873096.16104135,2067773.4367574
4872785.47731465,2069993.02941906
4873387.33858276,2070190.41670312
4873333.24980408,2068992.59463603
4871416.47425758,2070754.12228293
4873013.64674788,2070564.49278722
4873345.93155924,2068809.73416119
4873208.2083514,2066920.32947452
4871228.166499,2068393.95828445
4869991.78718214,2070824.9744667
4874159.73045684,2072120.97291989
4869661.12602056,2070893.26020356
4871899.71712539,2068189.6471343
4872043.05433412,2068951.24365782
4873011.44818719,2070060.98032866
4870981.26821369,2070327.63431263
4869903.61686638,2067091.84033262
4873448.52363603,2069269.67209301
4872354.59179416,2069494.39414334
4872594.15926002,2070193.10979618
4872270.44502083,2067064.85206275
4871080.16447453,2070435.41294464
4870853.72338188,2067738.8896649
4871636.83479822,2067919.78175009
4874665.09861787,2070166.13392034
4873114.50298938,2066053.51323887
4871057.60261979,2070819.93075298
4870753.45248322,2070293.83104195
4872946.73860141,2066628.06256697
4873771.87905462,2069659.30529045
4874405.38803017,2069419.72267384
4871224.72939131,2071095.93415244
4872499.63499417,2071251.02695627
4870394.01870429,2066956.64143388
4870932.95460532,2070536.12237263
4869275.58190701,2070033.46867018
4873891.30491504,2070358.23558902
4871619.57448108,2070488.60313682
4873305.7262567,2070688.638935
4874752.6419332,2069621.09873165
4871576.96879122,2070778.20064387
4874210.95799063,2072136.41650851
4870493.13952263,2068852.7460242
4870831.44832814,2070621.55282239
4873464.00032245,2070746.33206723
4870707.52372148,2067749.6033855
4871492.68862511,2069311.35002414
4869681.63409913,2067971.36434123
4873961.68876475,2071036.96999059
4875088.39914985,2068841.11237619
4870234.78519971,2068504.73652552
4872187.35212239,2068589.21313163
4873388.29177557,2067309.97546378
4871983.79163843,2068886.36195954
4872358.68565746,2068605.70191551
4872173.41092789,2067149.30757223
4870264.97265345,2067966.88306153
4871625.14345723,2070869.18977844
4872293.18619954,2070045.16529334
4869810.81381684,2067725.43567313
4869804.18070994,2067748.74911189
4870850.36648934,2071394.57242398
4873479.65741024,2068548.90919558
4870984.26782604,2068524.72447022
4873119.17524299,2070814.53228225
4873051.8795296,2069619.23557043
4874301.78511446,2069778.20066876
4872873.47623859,2071486.81837765
4874907.30226617,2068120.07661378
4869711.8988285,2067146.13581976
4871266.70557706,2071103.0621926
4872867.63043484,2067869.51485273
4873751.32329198,2070888.43717943
4872824.73553751,2072396.59588361
4871927.15198568,2068173.59215188
4869622.49790113,2069629.5833042
4870218.40159293,2070250.72850313
4873982.32353218,2069479.50840438
4872340.41766437,2068863.61260437
4872390.47363948,2068749.03686059
4872592.95720532,2071556.41163472
4871625.14345723,2070869.18977844
4870249.06904136,2070916.84110142
4869661.12602056,2070893.26020356
4870469.46126712,2070766.23107527
4873861.12285536,2066704.15932486
4872008.2560686,2068913.08527762
4870423.10625446,2067880.2921551
4869978.43360171,2068150.61408782
4872005.56954203,2068523.27357877
