"x","y"
515.2653,6707.801
517.2349,6710.722
517.7803,6715.673
516.0639,6716.865
515.9489,6719.277
515.3383,6721.091
522.1238,6732.496
522.0852,6734.12
510.53,6733.731
509.6269,6735.965
508.5968,6737.538
506.4862,6739.403
504.7571,6740.264
525.9958,6753.38
527.0111,6760.528
526.9593,6764.019
524.8488,6765.363
562.8729,6756.263
564.7034,6756.518
567.3969,6762.309
566.3033,6764.339
565.9724,6765.507
487.5908,6760.258
496.3209,6772.984
499.4719,6779.651
500.4125,6780.184
500.7044,6781.936
517.612,6780.083
514.5731,6782.911
517.166,6784.513
518.8313,6784.488
522.6579,6783.476
522.7582,6788.934
523.6612,6787.259
524.6398,6788.187
524.9191,6789.659
531.0473,6785.83
539.6669,6782.752
541.0648,6784.403
577.5426,6808.51
506.1783,6802.759
494.0779,6796.327
577.0761,6844.625
496.9326,6818.835
494.2743,6824.863
494.121,6827.91
489.2768,6831.651
488.0685,6834.125
487.5467,6836.804
489.7075,6837.757
486.1606,6838.808
485.3707,6845.904
476.2168,6850.835
475.8603,6852.879
470.0491,6860.034
467.5182,6865.097
468.5857,6866.151
471.7113,6872.755
471.6217,6875.331
474.049,6878.062
475.1802,6879.053
471.0357,6880.218
468.9381,6880.737
475.3446,6882.392
475.3313,6884.525
475.4453,6886.277
471.4158,6885.36
471.3773,6887.035
476.0548,6889.044
443.6818,6870.081
445.0413,6872.596
431.5666,6820.413
433.3078,6821.938
425.9596,6824.243
431.959,6826.913
429.2003,6827.863
431.7297,6829.248
437.0434,6828.96
439.7635,6830.257
389.6605,6900.8
577.6133,6883.177
578.0959,6885.069
576.4304,6885.842
579.7858,6888.637
580.6495,6891.265
580.9921,6894.084
588.4029,6895.435
586.6104,6895.624
585.161,6896.676
580.8007,6896.978
577.8002,6898.829
581.6261,6900.584
581.816,6903.77
581.803,6905.039
581.9296,6907.071
580.3784,6908.352
580.3398,6910.56
582.345,6923.878
581.8089,6932.763
581.7322,6934.375
582.0496,6935.937
592.8555,6933.482
594.6856,6935.362
586.5359,6940.371
586.5354,6942.313
587.9078,6944.637
590.2461,6947.609
591.8477,6948.08
594.7077,6948.932
602.0545,6952.175
601.2541,6950.308
605.2969,6949.08
604.4205,6945.944
512.9414,6957.251
512.9292,6955.08
510.6039,6951.055
510.8713,6949.037
513.5279,6950.105
534.0645,6923.424
610.7223,6959.696
612.6921,6962.338
614.0009,6964.217
615.2336,6966.008
612.399,6965.041
611.038,6968.417
607.6697,6966.84
615.9056,6972.927
615.3969,6974.145
585.184,6958.675
585.8446,6960.122
585.0179,6961.848
583.4929,6959.968
582.7941,6958.533
579.5777,6959.635
588.2206,6965.075
591.3351,6964.899
593.6994,6965.472
591.2455,6967.413
588.8811,6967.411
592.5418,6968.949
584.7743,6970.378
587.571,6970.177
589.7829,6970.09
578.6473,6969.638
578.6467,6971.935
578.57,6973.573
579.1796,6976.264
564.9798,6977.688
569.2868,6987.225
570.5193,6989.523
575.6666,6993.983
577.4462,6994.682
578.4755,6996.181
608.8697,6998.005
613.1408,6998.986
611.0684,6999.759
607.3821,6999.363
606.39,7001.393
608.5763,7002.194
608.2069,7004.961
608.2189,7008.186
603.9351,7007.687
612.997,7014.828
615.6913,7017.686
615.6549,7010.413
617.5617,7010.503
628.9948,6990.492
627.9011,6992.32
625.5104,6995.885
626.0185,6997.307
626.2596,6998.932
625.522,7000.226
632.0178,7000.916
633.1741,7002.758
627.0466,7003.871
627.7199,7005.636
628.5964,7008.327
642.7718,7002.384
643.4829,7005.685
644.9316,7007.527
647.564,7003.581
659.9205,7002.32
661.9031,7003.972
664.4076,7003.225
663.9113,7005.7
661.9916,7006.143
663.7799,7023.053
664.1746,7020.248
659.6367,7019.178
633.2322,7025.163
634.325,7026.865
632.7359,7027.13
633.2184,7029.352
633.256,7031.586
633.4592,7032.462
633.7002,7034.633
624.1784,7036.315
641.2235,7043.88
643.1036,7049.124
641.3493,7049.351
642.3406,7050.444
643.7896,7051.041
644.6654,7056.107
648.4929,7051.565
648.1993,7056.732
650.2083,7054.512
652.0126,7057.966
649.9273,7060.046
653.1053,7060.366
654.0962,7062.88
654.3246,7064.911
645.3879,7065.197
644.8024,7067.824
642.7049,7068.178
645.4883,7070.604
643.8099,7072.038
644.8139,7072.914
645.1943,7077.065
640.6555,7079.195
638.2403,7078.914
635.419,7075.738
638.9507,7084.931
639.1028,7086.874
635.5817,7086.059
678.0698,7069.016
661.0141,7052.59
660.9514,7049.15
662.4403,7042.855
658.1699,7038.777
660.2808,7036.392
661.0438,7035.186
600.3846,7074.964
597.9576,7070.57
598.5809,7069.275
599.3059,7067.169
578.3896,7087.464
578.0724,7084.963
575.4539,7084.047
574.0931,7086.319
561.3093,7016.149
550.0961,7020.685
548.8381,7018.539
543.1048,7019.157
537.3212,7017.452
553.1242,7009.72
682.5896,7092.11
417.6629,6910.392
632.1614,7061.911
588.6889,6968.522
586.3708,6963.407
591.5821,6970.735
647.5496,7052.365
641.8929,7044.874
639.745,7044.996
640.5008,7046.681
